idx,text,startSec,endSec
0,Level,0.08,0.29
1,one,0.29,0.46
2,The,0.55,0.66
3,child,0.66,1.4
4,who,1.4,1.44
5,does,1.44,1.73
6,not,1.73,1.95
7,yet,1.95,2.17
8,know,2.17,2.46
9,what,2.46,2.75
10,dark,2.75,3.04
11,means,3.04,3.4
12,you,3.57,3.73
13,are,3.73,4.15
14,seven,4.15,4.43
15,years,4.43,4.82
16,old,4.82,5.05
17,You,5.29,5.96
18,live,5.96,6.32
19,inside,6.32,6.72
20,a,6.72,6.78
21,skin,6.78,7.04
22,cover,7.04,7.43
23,ed,7.43,7.74
24,shelter,7.74,8.03
25,at,8.03,8.16
26,the,8.16,8.36
27,edge,8.36,8.62
28,of,8.62,8.75
29,a,8.75,8.81
30,shallow,8.81,9.36
31,valley,9.36,9.68
32,The,9.88,10.05
33,fire,10.05,10.47
34,your,10.47,10.6
35,mother,10.6,11.1
36,tends,11.1,11.49
37,smells,11.49,11.94
38,like,11.94,12.22
39,pine,12.22,12.48
40,resin,12.48,12.58
41,and,12.58,13.34
42,scor,13.34,13.36
43,ched,13.36,13.62
44,bone,13.62,13.9
45,Your,14.11,14.39
46,grandmother,14.39,15.24
47,is,15.24,15.31
48,asleep,15.31,16.09
49,against,16.09,16.22
50,the,16.22,16.51
51,far,16.51,16.64
52,wall,16.64,16.91
53,It,17.18,17.9
54,is,17.9,18.2
55,deep,18.2,18.47
56,in,18.47,18.62
57,the,18.62,18.72
58,night,18.72,19.14
59,You,19.38,19.44
60,are,19.44,20.12
61,wide,20.12,20.25
62,awake,20.25,20.67
63,You,20.89,21.14
64,can,21.14,21.39
65,hear,21.39,21.76
66,something,21.76,22.87
67,outside,22.87,23.07
68,You,23.32,23.57
69,do,23.57,23.72
70,not,23.72,23.96
71,know,23.96,24.64
72,what,24.64,24.68
73,it,24.68,24.8
74,is,24.8,24.96
75,You,25.25,25.46
76,only,25.46,25.92
77,know,25.92,26.12
78,the,26.2,26.33
79,sound,26.33,26.71
80,is,26.71,26.86
81,large,26.86,27.25
82,it,27.52,27.55
83,is,27.55,27.7
84,close,27.7,28.08
85,and,28.23,28.45
86,the,28.45,28.67
87,fire,28.67,28.97
88,is,28.97,29.16
89,the,29.16,29.42
90,only,29.42,29.64
91,reason,29.64,30.27
92,you,30.27,30.31
93,are,30.31,30.53
94,not,30.53,30.75
95,screaming,30.75,31.42
96,The,32.08,32.3
97,sound,32.3,33.18
98,stops,33.18,33.64
99,The,33.9,34.58
100,night,34.58,34.71
101,goes,34.71,35.02
102,quiet,35.02,35.48
103,Your,35.75,36.22
104,chest,36.22,36.58
105,is,36.58,36.75
106,tight,36.75,37.33
107,in,37.33,37.4
108,a,37.4,37.49
109,way,37.49,37.77
110,you,37.77,38.05
111,have,38.05,38.42
112,no,38.42,38.6
113,word,38.6,39.14
114,for,39.14,39.25
115,Your,39.52,39.89
116,mother,39.89,40.45
117,does,40.45,40.93
118,not,40.93,41.14
119,look,41.14,41.45
120,up,41.45,41.6
121,She,41.83,42.21
122,feeds,42.21,42.55
123,the,42.55,42.69
124,fire,42.69,42.99
125,another,42.99,43.54
126,stick,43.54,43.93
127,without,43.93,44.48
128,turning,44.48,45.26
129,her,45.26,45.29
130,head,45.29,45.57
131,That,45.8,46.1
132,still,46.1,46.44
133,ness,46.44,47.1
134,tells,47.1,47.2
135,you,47.2,47.54
136,something,47.54,47.78
137,has,48.66,48.69
138,been,48.69,48.74
139,listening,48.74,49.18
140,the,49.18,50.06
141,whole,50.06,50.12
142,time,50.12,50.45
143,You,50.7,50.95
144,watch,50.95,51.37
145,her,51.37,51.7
146,face,51.7,51.96
147,and,52.11,52.4
148,you,52.4,52.81
149,learn,52.81,53.03
150,your,53.03,53.36
151,first,53.36,53.78
152,lesson,53.78,54.62
153,without,54.62,54.84
154,a,54.89,54.92
155,word,54.92,55.11
156,being,55.11,55.33
157,spoken,55.33,55.47
158,The,56.19,56.26
159,darkness,56.26,56.96
160,past,56.96,57.38
161,the,57.38,57.63
162,fire,57.63,58.01
163,light,58.01,58.41
164,is,58.41,58.97
165,not,58.97,59.0
166,empty,59.0,59.45
167,It,59.74,59.93
168,has,59.93,60.8
169,The,61.09,61.37
170,fire,61.37,61.84
171,is,61.84,62.02
172,the,62.02,62.23
173,line,62.23,62.4
174,between,62.4,62.9
175,you,62.9,63.12
176,and,63.12,63.8
177,whatever,63.8,63.95
178,lives,63.95,64.35
179,on,64.35,64.44
180,the,64.44,64.66
181,other,64.66,65.02
182,side,65.02,65.31
183,of,65.31,65.45
184,it,65.45,65.7
185,You,65.81,66.01
186,fall,66.01,66.55
187,asleep,66.55,66.76
188,against,66.76,67.27
189,her,67.27,67.49
190,side,67.49,67.71
191,one,68.36,68.55
192,hand,68.55,69.4
193,the,69.4,69.61
194,warm,69.61,69.89
195,stones,69.89,70.8
196,ringing,70.8,70.86
197,the,70.86,71.08
198,hear,71.08,71.37
199,th,71.37,71.51
200,You,71.73,71.95
201,dream,71.95,72.31
202,about,72.31,72.7
203,the,72.7,72.89
204,sound,72.89,73.26
205,Morning,73.55,73.98
206,comes,73.98,74.34
207,bright,74.34,74.7
208,and,74.7,75.29
209,cold,75.29,75.36
210,and,75.52,75.93
211,you,75.93,76.4
212,run,76.4,76.42
213,out,76.5,76.62
214,into,76.62,76.89
215,the,76.89,76.97
216,frost,76.97,77.43
217,like,77.43,77.84
218,nothing,77.84,78.18
219,happened,78.18,78.73
220,You,78.97,80.57
221,start,80.57,83.05
222,watching,83.05,87.12
223,the,87.12,88.67
224,older,88.67,88.91
225,hunters,88.91,89.26
226,differently,89.26,89.62
227,You,89.71,90.57
228,notice,90.57,90.88
229,where,90.88,91.19
230,their,91.19,91.39
231,eyes,91.39,91.54
232,go,91.54,91.87
233,when,91.87,92.28
234,the,92.28,92.31
235,sun,92.31,92.51
236,drops,92.51,92.83
237,You,93.0,93.19
238,notice,93.19,93.57
239,how,93.57,93.76
240,they,93.76,94.01
241,arrange,94.01,94.45
242,themselves,94.45,95.08
243,around,95.08,95.46
244,the,95.46,95.65
245,fire,95.65,95.98
246,before,95.98,96.84
247,full,96.84,96.98
248,dark,96.98,97.35
249,Nobody,97.49,98.39
250,told,98.39,98.56
251,them,98.56,98.93
252,to,98.93,99.15
253,do,99.15,99.29
254,it,99.29,99.47
255,They,99.75,100.12
256,just,100.12,100.49
257,do,100.49,100.74
258,The,101.13,101.27
259,band,101.27,101.6
260,has,101.6,101.85
261,a,101.85,101.93
262,shape,101.93,102.28
263,at,102.28,102.91
264,night,102.91,102.94
265,it,102.94,103.07
266,does,103.07,103.4
267,not,103.4,103.65
268,have,103.65,103.98
269,during,103.98,104.48
270,the,104.48,104.78
271,day,104.78,104.9
272,Certain,106.06,106.53
273,men,106.53,106.61
274,always,106.61,107.4
275,face,107.4,107.61
276,outward,107.61,108.1
277,Certain,108.34,108.84
278,men,108.84,109.06
279,sleep,109.06,109.43
280,closest,109.43,110.1
281,to,110.1,110.13
282,the,110.13,110.32
283,fire,110.32,110.61
284,'s,110.61,110.75
285,edge,110.75,111.04
286,The,111.94,112.54
287,arrangement,112.54,112.98
288,is,112.98,113.24
289,not,113.24,113.54
290,accidental,113.54,114.24
291,It,114.42,114.59
292,is,114.59,114.87
293,as,114.87,114.96
294,deliberate,114.96,115.57
295,as,115.57,115.71
296,any,115.71,115.91
297,trap,115.91,116.2
298,your,116.2,116.58
299,father,116.58,116.9
300,sets,116.9,117.16
301,in,117.16,117.27
302,the,117.27,117.69
303,river,117.69,117.88
304,shall,117.88,118.23
305,ows,118.23,118.44
306,You,118.73,119.78
307,are,119.78,119.92
308,not,119.92,120.13
309,old,120.13,120.54
310,enough,120.54,120.62
311,to,120.62,120.82
312,hold,120.82,121.07
313,a,121.07,121.13
314,position,121.13,121.34
315,in,121.34,121.75
316,that,121.75,122.22
317,shape,122.22,122.35
318,But,122.5,122.69
319,you,122.69,122.88
320,are,122.88,123.07
321,old,123.07,123.26
322,enough,123.26,123.64
323,to,123.64,123.86
324,start,123.86,124.12
325,learning,124.12,124.55
326,what,124.55,124.94
327,it,124.94,124.97
328,means,124.97,125.25
329,Level,125.54,126.12
330,two,126.12,126.34
331,The,126.78,127.9
332,boy,127.9,128.21
333,who,128.21,128.38
334,carries,128.38,128.72
335,fire,128.8,129.01
336,you,129.15,129.24
337,are,129.24,129.79
338,11,129.79,130.14
339,On,130.28,130.48
340,nights,130.48,131.08
341,when,131.08,131.48
342,the,131.48,131.78
343,band,131.78,132.18
344,moves,132.18,132.87
345,between,132.87,133.39
346,camps,133.39,133.89
347,your,134.03,134.68
348,job,134.68,134.79
349,is,134.79,135.02
350,to,135.02,135.25
351,carry,135.25,135.72
352,one,135.72,135.99
353,of,135.99,136.28
354,bir,136.28,136.5
355,ch,136.5,136.64
356,bark,136.64,136.79
357,and,136.79,136.95
358,fat,136.95,137.37
359,so,137.46,137.7
360,aked,137.7,137.91
361,moss,137.91,138.23
362,bound,138.3,138.67
363,with,138.67,138.96
364,sine,138.96,139.32
365,held,139.58,139.75
366,in,139.75,139.89
367,both,139.89,140.43
368,hands,140.43,140.56
369,out,140.56,140.85
370,in,140.85,140.93
371,front,140.93,141.3
372,of,141.3,141.45
373,your,141.45,141.8
374,body,141.8,142.24
375,The,142.42,143.36
376,flame,143.36,143.72
377,bends,143.72,144.01
378,in,144.01,144.12
379,the,144.12,144.28
380,wind,144.28,144.36
381,and,144.36,144.69
382,you,144.69,145.12
383,curve,145.12,145.15
384,yourself,145.15,145.67
385,around,145.67,145.97
386,it,145.97,146.08
387,using,146.19,146.48
388,your,146.48,146.76
389,chest,146.76,147.02
390,against,147.02,147.49
391,the,147.49,147.81
392,cold,147.81,147.87
393,air,147.87,147.98
394,The,148.29,148.86
395,hunters,148.86,150.25
396,move,150.25,150.52
397,ahead,150.52,150.86
398,You,151.05,151.25
399,stay,151.25,151.53
400,in,151.53,151.86
401,the,151.86,151.94
402,center,151.94,152.26
403,column,152.26,152.69
404,with,152.69,152.93
405,the,152.93,153.13
406,women,153.13,153.56
407,and,153.56,153.67
408,older,153.67,154.01
409,children,154.01,154.67
410,Behind,154.75,155.15
411,you,155.15,155.35
412,two,155.56,155.83
413,of,155.83,156.04
414,the,156.04,156.48
415,most,156.48,156.7
416,experienced,156.78,157.22
417,men,157.22,158.07
418,walk,158.07,158.12
419,the,158.12,158.33
420,rear,158.33,158.65
421,with,158.65,158.9
422,thr,158.9,159.13
423,usting,159.13,159.59
424,spe,159.59,159.82
425,ars,159.82,160.05
426,angled,160.05,160.85
427,outward,160.85,161.04
428,into,161.04,161.34
429,the,161.34,161.57
430,dark,161.57,161.87
431,They,162.39,162.4
432,do,162.4,162.66
433,not,162.66,162.78
434,speak,162.78,163.26
435,on,163.26,163.44
436,night,163.44,163.83
437,march,163.83,163.96
438,es,163.96,164.37
439,Their,164.85,164.99
440,silence,164.99,165.53
441,is,165.53,165.68
442,a,165.68,165.75
443,tool,165.75,166.06
444,same,166.21,166.52
445,as,166.52,166.74
446,the,166.74,166.9
447,spear,166.9,167.31
448,You,167.59,167.75
449,drop,167.75,168.06
450,the,168.06,168.29
451,torch,168.29,168.68
452,on,168.68,168.82
453,the,168.82,169.4
454,third,169.4,169.45
455,night,169.45,169.97
456,of,169.97,170.06
457,your,170.06,170.32
458,second,170.32,170.56
459,season,170.56,171.47
460,carrying,171.47,171.69
461,it,171.69,171.78
462,You,172.01,172.18
463,catch,172.18,172.51
464,a,172.51,172.6
465,route,172.6,172.9
466,you,172.9,173.1
467,did,173.1,173.36
468,not,173.36,173.5
469,see,173.5,173.67
470,and,173.79,174.21
471,the,174.21,174.23
472,flame,174.23,174.63
473,hits,174.63,174.82
474,the,174.82,175.02
475,ground,175.02,175.36
476,and,175.36,175.68
477,sp,175.68,175.81
478,ut,175.81,175.94
479,ters,175.94,176.2
480,and,176.28,176.35
481,for,176.35,177.08
482,three,177.08,177.1
483,full,177.1,177.35
484,heart,177.35,177.69
485,be,177.69,177.85
486,ats,177.85,178.04
487,the,178.04,178.22
488,column,178.22,178.72
489,loses,178.72,178.98
490,half,178.98,179.23
491,its,179.23,179.77
492,light,179.77,179.83
493,Nobody,179.97,180.37
494,sh,180.37,180.5
495,outs,180.5,180.77
496,But,181.64,182.38
497,Der,182.38,182.68
498,ret,182.68,182.7
499,the,182.9,183.01
500,rear,183.01,183.27
501,guard,183.27,183.59
502,moves,183.72,184.17
503,up,184.17,184.24
504,beside,184.24,184.56
505,you,184.56,184.77
506,and,184.77,184.94
507,puts,184.94,185.19
508,his,185.19,185.39
509,hand,185.39,185.65
510,flat,185.65,185.91
511,on,185.91,186.12
512,your,186.12,186.3
513,shoulder,186.3,186.97
514,Not,187.06,187.67
515,hard,187.67,188.78
516,not,188.94,189.25
517,gentle,189.25,189.88
518,just,190.56,190.64
519,there,190.64,190.81
520,He,191.04,191.11
521,holds,191.11,191.58
522,it,191.58,191.97
523,until,191.97,192.14
524,you,192.14,192.38
525,have,192.38,192.73
526,the,192.73,192.93
527,torch,192.93,193.33
528,burning,193.33,193.88
529,again,193.88,194.3
530,from,194.3,194.71
531,the,194.71,194.83
532,second,194.83,195.3
533,carrier,195.3,195.85
534,'s,195.85,196.16
535,als,196.16,196.52
536,Then,197.16,197.24
537,he,197.24,197.25
538,walks,197.25,197.66
539,back,197.66,197.79
540,to,197.79,198.19
541,his,198.19,198.58
542,post,198.58,198.79
543,without,198.79,199.39
544,a,199.39,199.47
545,word,199.47,199.81
546,The,200.07,200.33
547,lesson,200.33,200.93
548,in,200.93,201.31
549,that,201.31,201.36
550,touch,201.36,201.79
551,your,202.03,202.36
552,mistake,202.36,203.12
553,put,203.12,203.3
554,people,203.3,203.69
555,in,203.69,203.78
556,danger,203.78,204.21
557,You,204.3,204.44
558,are,204.44,204.83
559,not,204.83,205.2
560,punished,205.2,205.62
561,for,205.62,205.83
562,it,205.83,205.97
563,You,206.18,206.39
564,are,206.39,206.6
565,expected,206.6,207.17
566,to,207.17,207.31
567,understand,207.31,208.03
568,that,208.03,208.35
569,on,208.35,208.45
570,your,208.45,208.73
571,own,208.73,208.94
572,You,209.3,209.74
573,do,209.74,209.84
574,not,209.84,210.19
575,drop,210.19,210.78
576,a,210.78,210.8
577,torch,210.88,211.14
578,again,211.14,211.49
579,Those,211.52,212.2
580,long,212.2,212.33
581,column,212.33,212.75
582,walks,212.75,213.04
583,teach,213.04,213.38
584,you,213.38,213.58
585,how,213.58,213.84
586,to,213.84,213.91
587,read,213.91,214.18
588,the,214.18,214.37
589,night,214.37,214.61
590,by,214.61,214.95
591,its,214.95,215.05
592,sounds,215.05,215.46
593,An,215.81,216.02
594,owl,216.02,216.33
595,is,216.33,216.76
596,neutral,216.76,217.3
597,Every,218.24,218.32
598,animal,218.32,218.42
599,going,218.42,218.73
600,silent,218.73,219.17
601,at,219.17,219.6
602,once,219.6,219.65
603,is,219.65,219.77
604,not,219.77,219.95
605,Wind,220.19,220.43
606,through,220.43,220.91
607,pine,220.91,221.28
608,moves,221.28,221.54
609,without,221.54,221.97
610,any,221.97,222.39
611,pattern,222.39,222.81
612,Something,222.98,224.0
613,large,224.0,224.33
614,moving,224.33,224.72
615,through,224.72,225.4
616,pine,225.4,225.45
617,has,225.45,225.65
618,a,225.65,225.71
619,rhythm,225.71,226.11
620,even,226.11,226.37
621,when,226.37,226.63
622,it,226.63,226.76
623,is,226.76,226.89
624,trying,226.89,227.3
625,to,227.3,227.42
626,suppress,227.42,228.15
627,You,228.35,228.57
628,learn,228.57,228.88
629,to,228.88,228.98
630,feel,228.98,229.31
631,the,229.31,229.54
632,column,229.54,229.99
633,change,229.99,230.89
634,before,230.89,230.96
635,you,230.96,231.11
636,see,231.11,231.33
637,it,231.33,231.49
638,change,231.49,231.93
639,When,232.15,232.45
640,the,232.45,232.67
641,lead,232.67,232.97
642,hunter,232.97,233.69
643,slows,233.69,233.79
644,every,233.94,234.31
645,person,234.31,234.75
646,slows,234.75,235.13
647,signal,235.5,235.95
648,no,236.28,236.35
649,sound,236.35,236.73
650,The,236.93,237.59
651,shift,237.59,237.62
652,moves,237.62,237.98
653,back,237.98,238.29
654,through,238.29,238.84
655,the,238.84,239.07
656,group,239.07,239.5
657,the,239.5,239.69
658,way,239.69,239.94
659,cold,239.94,240.35
660,moves,240.35,240.62
661,through,240.62,241.17
662,water,241.17,241.5
663,You,242.16,242.41
664,sleep,242.41,243.3
665,lightly,243.3,243.63
666,now,243.63,243.97
667,even,243.98,244.3
668,at,244.3,244.46
669,camp,244.46,244.59
670,You,245.02,245.39
671,did,245.39,245.53
672,not,245.53,245.74
673,decide,245.74,246.23
674,to,246.23,246.39
675,Your,246.63,247.02
676,body,247.02,247.28
677,made,247.28,247.59
678,that,247.59,248.13
679,choice,248.13,248.4
680,without,248.4,248.96
681,asking,248.96,249.5
682,Level,251.56,251.64
683,three,251.64,252.0
684,the,252.11,252.96
685,scout,252.96,253.11
686,You,253.32,253.56
687,are,253.56,253.8
688,sixteen,253.8,254.36
689,and,254.36,254.6
690,you,254.6,254.86
691,carry,254.86,255.32
692,your,255.32,255.71
693,own,255.71,255.8
694,spear,255.8,256.2
695,Not,256.43,256.68
696,the,256.68,256.87
697,heavy,256.87,257.52
698,thr,257.52,257.56
699,usting,257.56,258.12
700,spear,258.12,258.52
701,of,258.52,258.56
702,the,258.56,258.64
703,senior,258.72,258.97
704,hunters,258.97,259.34
705,A,259.5,260.06
706,throwing,260.06,260.33
707,spear,260.33,260.81
708,its,260.96,261.23
709,fl,261.23,261.41
710,int,261.41,261.68
711,point,261.68,262.13
712,na,262.13,262.41
713,pped,262.41,262.79
714,by,262.79,262.85
715,hand,262.85,263.21
716,and,263.21,263.48
717,bound,263.48,263.93
718,to,263.93,264.16
719,the,264.16,264.6
720,shaft,264.6,264.88
721,with,264.88,265.04
722,pine,265.04,265.45
723,pitch,265.45,265.5
724,pitch,265.58,265.86
725,and,265.86,266.08
726,wet,266.08,266.14
727,sine,266.14,266.59
728,w,266.59,266.9
729,that,266.9,266.95
730,dried,266.95,267.31
731,hard,267.31,267.6
732,as,267.6,267.74
733,rock,267.74,268.04
734,They,268.24,268.54
735,start,268.54,268.9
736,sending,268.9,269.63
737,you,269.63,269.66
738,on,269.66,269.77
739,forward,269.77,270.35
740,runs,270.35,271.19
741,Never,271.46,271.66
742,far,271.66,271.86
743,Never,272.86,272.94
744,alone,272.94,273.06
745,You,273.35,273.49
746,go,273.49,274.28
747,with,274.28,274.55
748,Kor,274.55,274.95
749,ik,274.95,275.22
750,22,275.5,276.16
751,who,276.36,276.69
752,been,276.69,277.01
753,sc,277.01,277.04
754,outing,277.04,277.43
755,for,277.43,277.56
756,four,277.56,277.79
757,years,277.79,278.07
758,The,278.55,278.82
759,two,278.82,278.9
760,of,278.9,279.1
761,you,279.1,279.42
762,move,279.42,279.86
763,ahead,279.86,280.04
764,of,280.04,280.17
765,the,280.17,280.36
766,main,280.36,280.62
767,group,280.62,280.92
768,by,280.92,281.41
769,about,281.41,281.46
770,the,281.46,281.6
771,distance,281.6,282.12
772,a,282.12,282.21
773,man,282.21,282.37
774,can,282.37,282.58
775,shout,282.58,282.89
776,and,282.89,283.08
777,be,283.08,283.21
778,heard,283.21,283.54
779,Your,283.8,284.18
780,job,284.18,284.2
781,is,284.2,284.31
782,to,284.31,284.44
783,read,284.44,284.7
784,the,284.7,284.88
785,ground,284.88,285.4
786,before,285.4,285.79
787,everyone,285.79,285.95
788,else,285.95,286.8
789,walks,286.8,286.93
790,onto,286.93,287.15
791,it,287.15,287.35
792,You,287.47,287.66
793,learn,287.66,287.98
794,to,287.98,288.11
795,smell,288.11,288.44
796,before,288.44,288.82
797,you,288.82,289.0
798,look,289.0,289.25
799,A,289.52,289.56
800,predator,289.56,290.04
801,'s,290.04,290.17
802,presence,290.17,291.09
803,reaches,291.09,291.36
804,nose,291.44,291.7
805,before,291.7,291.88
806,your,291.88,292.76
807,mind,292.76,292.91
808,names,292.91,293.31
809,it,293.31,293.48
810,Something,293.73,294.49
811,thick,294.49,294.91
812,mus,295.1,295.48
813,ky,295.48,295.51
814,wrong,295.7,296.09
815,in,296.09,296.24
816,a,296.24,296.31
817,way,296.31,296.53
818,that,296.53,296.88
819,is,296.88,297.31
820,hard,297.31,297.32
821,to,297.32,297.46
822,describe,297.46,298.08
823,You,299.02,299.04
824,catch,299.04,299.1
825,it,299.1,299.2
826,on,299.2,299.36
827,your,299.36,299.54
828,third,299.54,300.35
829,run,300.35,300.44
830,and,300.44,300.6
831,stop,300.6,300.97
832,walking,300.97,301.51
833,Kor,301.8,302.06
834,ik,302.06,302.32
835,stops,302.32,302.59
836,half,302.59,302.76
837,a,302.76,303.17
838,step,303.17,303.4
839,after,303.4,303.82
840,you,303.82,304.07
841,He,304.33,304.98
842,has,304.98,305.23
843,it,305.23,305.58
844,too,305.58,305.69
845,you,306.66,306.74
846,stand,306.74,306.99
847,without,306.99,307.73
848,moving,307.73,308.07
849,for,308.07,308.19
850,a,308.19,308.29
851,long,308.29,308.61
852,count,308.61,308.94
853,long,309.09,309.39
854,enough,309.39,309.96
855,for,309.96,310.06
856,your,310.06,310.41
857,own,310.41,310.81
858,breathing,310.81,311.26
859,to,311.26,311.53
860,feel,311.53,311.78
861,very,311.86,312.2
862,loud,312.2,312.33
863,You,313.18,313.24
864,back,313.24,313.73
865,out,313.73,313.97
866,the,313.97,314.32
867,way,314.32,314.59
868,water,314.59,315.11
869,runs,315.11,315.51
870,in,315.51,315.93
871,reverse,315.93,316.47
872,Slow,316.76,317.4
873,continuous,317.74,318.45
874,nothing,318.78,319.38
875,sudden,319.38,320.01
876,enough,320.01,320.72
877,to,320.72,320.89
878,announce,320.89,321.24
879,you,321.24,322.07
880,You,322.14,322.35
881,never,322.35,322.74
882,see,322.74,322.99
883,the,322.99,323.26
884,cave,323.26,323.58
885,lion,323.58,324.02
886,that,324.02,324.26
887,night,324.26,324.87
888,But,324.93,325.29
889,you,325.29,325.43
890,find,325.43,325.77
891,its,325.77,326.01
892,tracks,326.01,326.68
893,in,326.68,326.7
894,the,326.7,326.95
895,frost,326.95,327.37
896,the,327.37,327.72
897,next,327.72,327.92
898,morning,327.92,328.37
899,two,328.48,328.65
900,spear,328.65,329.32
901,lengths,329.32,329.47
902,from,329.47,329.7
903,where,329.7,330.02
904,you,330.02,330.21
905,stood,330.21,330.53
906,The,330.72,330.96
907,print,330.96,331.23
908,is,331.23,331.35
909,wider,331.35,331.65
910,than,331.65,332.07
911,both,332.07,332.17
912,your,332.17,332.49
913,hands,332.49,332.74
914,laid,332.74,332.99
915,side,332.99,333.54
916,side,333.54,333.85
917,You,334.07,334.27
918,look,334.27,334.62
919,at,334.62,334.92
920,it,334.92,334.96
921,for,334.96,335.17
922,a,335.17,335.23
923,long,335.23,335.54
924,time,335.54,335.85
925,You,336.08,336.31
926,bring,336.31,336.7
927,the,336.7,336.93
928,information,336.93,337.8
929,back,337.8,338.11
930,That,338.34,338.65
931,is,338.65,338.78
932,the,338.78,339.06
933,job,339.06,339.5
934,Not,339.66,340.1
935,to,340.1,340.54
936,engage,340.54,341.3
937,not,341.7,341.89
938,to,341.89,342.07
939,prove,342.07,343.03
940,anything,343.03,343.25
941,See,343.57,343.79
942,register,343.94,344.66
943,return,344.92,345.36
944,a,345.54,345.77
945,scout,345.77,346.19
946,who,346.19,346.35
947,sees,346.35,346.71
948,too,346.71,347.52
949,little,347.52,347.58
950,end,347.58,347.79
951,angers,347.79,348.32
952,the,348.32,348.62
953,band,348.62,349.01
954,scout,349.94,350.02
955,who,350.02,350.12
956,imag,350.12,350.48
957,ines,350.48,350.58
958,too,350.58,351.35
959,much,351.35,351.51
960,does,351.51,351.89
961,the,351.89,352.16
962,same,352.16,352.52
963,What,352.81,353.24
964,the,353.24,353.46
965,job,353.46,354.09
966,requires,354.09,354.51
967,is,354.51,354.67
968,exact,354.67,355.13
969,truth,355.13,355.9
970,delivered,355.9,356.52
971,without,356.52,356.86
972,drama,356.86,357.26
973,You,357.38,357.52
974,are,357.52,358.22
975,not,358.22,358.28
976,yet,358.28,358.49
977,calm,358.49,358.81
978,about,358.81,359.18
979,it,359.18,359.34
980,Your,359.58,359.9
981,voice,359.9,360.3
982,holds,360.3,361.01
983,when,361.01,361.02
984,you,361.02,361.26
985,report,361.26,361.74
986,but,361.9,362.1
987,your,362.1,362.82
988,hands,362.82,362.86
989,do,362.86,363.02
990,not,363.02,363.26
991,watches,364.64,364.72
992,your,364.72,364.88
993,hands,364.88,365.14
994,when,365.14,365.3
995,you,365.3,366.04
996,speak,366.04,366.19
997,You,366.4,366.63
998,see,366.63,366.86
999,him,366.86,367.09
1000,doing,367.09,367.47
1001,it,367.47,367.68
1002,You,367.94,368.08
1003,start,368.08,368.79
1004,working,368.79,368.99
1005,on,368.99,369.21
1006,the,369.21,369.37
1007,hands,369.37,369.75
1008,Level,371.54,371.83
1009,four,371.83,372.17
1010,the,372.18,372.86
1011,night,372.86,372.89
1012,guard,372.89,373.27
1013,You,373.49,373.71
1014,are,373.71,373.93
1015,20,373.93,374.38
1016,and,374.38,374.6
1017,you,374.6,374.82
1018,have,374.82,375.08
1019,your,375.08,375.61
1020,first,375.61,375.8
1021,real,375.8,376.1
1022,position,376.1,376.7
1023,in,376.7,377.08
1024,the,377.08,377.42
1025,night,377.42,377.46
1026,circle,377.46,377.99
1027,eastern,379.18,379.26
1028,post,379.26,379.39
1029,facing,379.55,379.7
1030,the,379.7,380.58
1031,tree,380.58,380.6
1032,line,380.6,380.92
1033,where,380.92,381.35
1034,the,381.35,381.57
1035,river,381.57,381.98
1036,bends,381.98,382.48
1037,out,382.48,382.63
1038,of,382.63,382.78
1039,sight,382.78,383.33
1040,You,383.52,383.76
1041,sit,383.76,384.0
1042,with,384.0,384.31
1043,your,384.31,384.7
1044,back,384.7,384.88
1045,to,384.88,385.0
1046,the,385.0,385.18
1047,fire,385.18,385.41
1048,so,385.41,385.49
1049,your,385.49,385.59
1050,eyes,385.59,386.2
1051,can,386.2,386.3
1052,adjust,386.3,386.56
1053,fully,386.56,386.86
1054,to,386.86,386.98
1055,the,386.98,387.16
1056,dark,387.16,387.42
1057,beyond,387.42,387.76
1058,the,387.76,387.94
1059,camp,387.94,388.18
1060,'s,388.18,388.3
1061,edge,388.3,388.49
1062,The,389.03,389.2
1063,fire,389.2,389.71
1064,'s,389.71,389.96
1065,warmth,389.96,390.84
1066,is,390.84,390.92
1067,on,390.92,391.07
1068,your,391.07,391.38
1069,back,391.38,391.65
1070,and,391.65,391.92
1071,the,391.92,392.34
1072,night,392.34,392.55
1073,'s,392.55,392.69
1074,cold,392.69,393.0
1075,is,393.0,393.15
1076,on,393.15,393.3
1077,your,393.3,393.61
1078,face,393.61,393.96
1079,The,394.22,394.38
1080,discomfort,394.38,395.17
1081,is,395.17,395.32
1082,the,395.32,395.55
1083,point,395.55,395.93
1084,It,396.16,396.32
1085,keeps,396.32,396.88
1086,you,396.88,397.12
1087,from,397.12,397.3
1088,drifting,397.38,397.88
1089,You,397.94,398.69
1090,guard,398.69,398.72
1091,your,398.72,398.98
1092,stretch,398.98,399.49
1093,wake,399.63,399.92
1094,the,399.92,400.14
1095,next,400.14,400.43
1096,man,400.43,400.65
1097,sleep,400.79,401.03
1098,three,401.45,401.65
1099,hours,401.65,402.01
1100,at,402.01,402.14
1101,most,402.14,402.44
1102,before,402.44,402.87
1103,you,402.87,403.26
1104,are,403.26,403.32
1105,back,403.32,403.61
1106,up,403.61,403.83
1107,runs,405.1,405.17
1108,every,405.17,405.18
1109,night,405.18,405.58
1110,no,405.65,405.89
1111,matter,405.89,406.51
1112,the,406.51,406.65
1113,weather,406.65,407.27
1114,On,407.52,407.66
1115,the,407.66,407.87
1116,cold,407.87,408.14
1117,est,408.14,408.4
1118,nights,408.4,408.86
1119,when,408.86,409.25
1120,the,409.25,409.27
1121,river,409.27,409.67
1122,ice,409.67,409.83
1123,cracks,409.83,410.27
1124,and,410.27,410.62
1125,carries,410.62,411.08
1126,those,411.08,411.17
1127,sounds,411.17,412.04
1128,through,412.04,412.27
1129,the,412.27,412.47
1130,valley,412.47,412.87
1131,nobody,413.0,413.4
1132,sleeps,413.4,413.92
1133,deep,413.92,414.06
1134,and,414.06,414.23
1135,nobody,414.23,414.77
1136,sleeps,414.77,415.19
1137,long,415.19,415.32
1138,The,415.56,416.58
1139,body,416.58,416.63
1140,does,416.63,417.26
1141,not,417.26,417.62
1142,wait,417.62,417.68
1143,for,417.76,417.86
1144,the,417.86,418.04
1145,mind,418.04,418.27
1146,to,418.27,418.4
1147,decide,418.4,418.77
1148,if,418.77,418.89
1149,a,418.89,419.1
1150,sound,419.1,419.26
1151,is,419.26,419.38
1152,worth,419.38,419.69
1153,waking,419.69,420.06
1154,for,420.06,420.24
1155,The,420.48,420.81
1156,night,420.81,421.45
1157,is,421.45,421.83
1158,not,421.83,421.91
1159,quiet,421.91,422.46
1160,It,422.8,423.64
1161,is,423.64,423.76
1162,full,423.76,424.47
1163,of,424.47,424.68
1164,noise,424.68,424.69
1165,almost,424.76,425.78
1166,all,425.78,426.06
1167,of,426.06,426.26
1168,it,426.26,426.36
1169,meaningless,426.36,426.88
1170,Wind,427.78,428.05
1171,Small,428.48,429.06
1172,animals,429.06,429.88
1173,The,430.51,430.58
1174,fire,430.58,431.03
1175,settling,431.03,432.28
1176,Bran,432.32,432.59
1177,ches,432.59,432.89
1178,pulling,432.89,433.44
1179,tight,433.44,433.82
1180,in,433.82,433.98
1181,the,433.98,434.24
1182,cold,434.24,434.43
1183,Sleeping,434.56,436.03
1184,people,436.03,436.59
1185,breathing,436.59,436.8
1186,You,436.96,437.08
1187,spend,437.08,437.41
1188,your,437.41,437.51
1189,second,437.51,438.29
1190,month,438.29,438.44
1191,in,438.44,438.57
1192,rotation,438.57,439.12
1193,learning,439.25,439.8
1194,to,439.8,439.93
1195,separate,439.93,440.45
1196,the,440.45,441.03
1197,sounds,441.03,441.09
1198,that,441.09,441.45
1199,matter,441.45,441.85
1200,from,441.85,442.18
1201,the,442.18,442.84
1202,enormous,442.84,442.94
1203,volume,442.94,443.41
1204,that,443.41,443.54
1205,do,443.54,443.89
1206,not,443.89,444.34
1207,You,444.38,444.64
1208,are,444.64,444.9
1209,not,444.9,445.16
1210,listening,445.16,445.98
1211,for,445.98,446.24
1212,a,446.24,446.31
1213,sound,446.31,446.76
1214,You,447.09,447.27
1215,are,447.27,447.53
1216,listening,447.53,448.32
1217,for,448.32,448.85
1218,the,448.85,448.9
1219,absence,448.9,449.47
1220,of,449.47,449.64
1221,one,449.64,449.94
1222,brush,451.24,451.32
1223,mice,451.32,451.51
1224,stop,451.51,451.8
1225,moving,451.8,452.64
1226,through,452.64,452.8
1227,dry,452.8,453.03
1228,leaves,453.03,453.49
1229,something,453.64,454.32
1230,stopped,454.32,454.84
1231,them,454.84,455.39
1232,When,455.44,456.02
1233,the,456.02,456.45
1234,night,456.45,456.59
1235,birds,456.59,456.81
1236,cut,456.81,457.14
1237,mid,457.14,457.36
1238,call,457.43,457.72
1239,something,458.52,458.56
1240,passed,458.56,458.96
1241,under,458.96,459.32
1242,them,459.32,459.61
1243,These,459.83,460.18
1244,gaps,460.18,460.48
1245,tell,460.48,460.76
1246,you,460.76,461.28
1247,more,461.28,461.29
1248,than,461.29,461.57
1249,any,461.57,461.79
1250,loud,461.79,462.08
1251,noise,462.08,462.43
1252,could,462.43,463.1
1253,You,463.12,463.47
1254,get,463.47,463.82
1255,it,463.82,464.14
1256,wrong,464.14,464.18
1257,twice,464.26,464.52
1258,in,464.52,464.65
1259,your,464.65,464.91
1260,first,464.91,465.58
1261,season,465.58,465.71
1262,The,465.87,466.13
1263,first,466.13,466.41
1264,time,466.41,466.72
1265,you,466.81,467.01
1266,raise,467.01,467.35
1267,an,467.35,467.48
1268,alert,467.48,467.8
1269,for,467.8,467.91
1270,a,467.91,468.33
1271,branch,468.33,468.49
1272,dropping,468.49,469.18
1273,from,469.18,469.42
1274,a,469.42,469.53
1275,snow,469.53,469.79
1276,load,470.1,470.14
1277,ed,470.14,470.24
1278,tree,470.24,470.38
1279,The,470.92,471.0
1280,whole,471.0,471.03
1281,camp,471.03,471.29
1282,stands,471.29,471.44
1283,up,471.44,471.83
1284,and,471.83,472.03
1285,it,472.03,472.33
1286,takes,472.33,472.49
1287,several,472.49,472.96
1288,minutes,472.96,473.46
1289,to,473.46,473.56
1290,settle,473.56,473.96
1291,Nobody,474.22,474.65
1292,is,474.65,475.07
1293,angry,475.07,475.27
1294,with,475.27,475.59
1295,you,475.59,475.83
1296,waste,477.1,477.18
1297,of,477.18,477.23
1298,it,477.23,477.4
1299,stays,477.4,477.83
1300,in,477.83,478.0
1301,your,478.0,478.52
1302,chest,478.52,478.8
1303,the,479.05,479.27
1304,specific,479.27,479.86
1305,burn,479.86,480.16
1306,of,480.16,480.38
1307,a,480.38,480.4
1308,false,480.4,480.72
1309,alarm,480.72,481.25
1310,and,481.32,481.67
1311,you,481.67,481.9
1312,do,481.9,482.08
1313,not,482.08,482.41
1314,want,482.41,482.63
1315,to,482.63,483.02
1316,carry,483.02,483.06
1317,that,483.06,483.24
1318,feeling,483.24,483.73
1319,again,483.73,483.87
1320,The,484.3,484.66
1321,second,484.66,484.95
1322,time,484.95,485.24
1323,you,485.41,485.6
1324,wait,485.6,485.88
1325,too,485.88,486.09
1326,long,486.09,486.38
1327,You,486.59,486.8
1328,hear,486.8,487.08
1329,the,487.08,487.39
1330,inter,487.39,487.66
1331,ruption,487.66,488.16
1332,and,488.16,488.37
1333,you,488.37,488.55
1334,talk,488.55,489.2
1335,yourself,489.2,489.45
1336,out,489.45,489.66
1337,of,489.66,489.92
1338,trusting,489.92,490.24
1339,it,490.24,490.32
1340,The,491.38,491.55
1341,threat,491.55,492.06
1342,is,492.06,492.22
1343,a,492.22,492.65
1344,lone,492.65,492.72
1345,dire,492.72,492.99
1346,wolf,492.99,493.36
1347,testing,493.36,493.7
1348,the,493.7,493.84
1349,perimeter,493.84,494.34
1350,drawn,494.4,494.79
1351,by,494.79,494.92
1352,the,494.92,495.45
1353,smell,495.45,495.56
1354,of,495.56,495.71
1355,the,495.71,495.94
1356,previous,495.94,496.6
1357,day,496.6,496.82
1358,'s,496.82,496.83
1359,but,496.83,496.99
1360,ch,496.99,497.26
1361,ering,497.26,497.31
1362,Dire,498.2,498.38
1363,t,498.38,498.44
1364,spots,498.44,498.63
1365,it,498.63,498.78
1366,from,498.78,499.16
1367,his,499.16,499.52
1368,post,499.52,499.65
1369,and,499.65,499.82
1370,turns,499.82,500.15
1371,it,500.15,500.29
1372,back,500.29,500.54
1373,with,500.54,500.8
1374,a,500.8,500.85
1375,thrown,500.85,501.26
1376,stone,501.26,501.59
1377,before,501.59,501.85
1378,it,501.85,502.27
1379,gets,502.27,502.38
1380,close,502.38,502.71
1381,He,502.99,504.08
1382,finds,504.08,504.46
1383,you,504.46,504.65
1384,at,504.65,504.8
1385,your,504.8,505.09
1386,post,505.09,505.3
1387,afterward,505.3,506.2
1388,He,506.26,506.43
1389,tells,506.43,506.77
1390,you,506.77,506.99
1391,one,506.99,507.21
1392,thing,507.21,507.58
1393,and,507.72,507.94
1394,you,507.94,508.16
1395,never,508.16,508.53
1396,stop,508.53,508.95
1397,carrying,508.95,509.41
1398,it,509.41,509.55
1399,The,509.84,510.76
1400,body,510.76,510.78
1401,knows,510.78,511.45
1402,before,511.45,512.28
1403,the,512.28,512.46
1404,mind,512.46,512.81
1405,agrees,512.81,512.98
1406,When,513.86,514.01
1407,something,514.01,514.75
1408,in,514.75,514.92
1409,you,514.92,515.18
1410,says,515.18,515.53
1411,a,515.53,515.62
1412,pattern,515.62,516.19
1413,has,516.19,516.61
1414,broken,516.61,517.03
1415,that,517.2,517.55
1416,is,517.55,517.7
1417,enough,517.7,518.42
1418,Stop,518.51,518.86
1419,waiting,518.86,519.48
1420,for,519.48,519.89
1421,your,519.89,520.06
1422,mind,520.06,520.36
1423,to,520.36,520.58
1424,finish,520.66,520.89
1425,arguing,520.89,521.25
1426,Level,522.0,523.15
1427,5,523.15,524.15
1428,The,524.31,524.73
1429,hunter,524.73,524.81
1430,who,524.81,524.96
1431,fights,524.96,525.27
1432,at,525.27,525.37
1433,night,525.37,525.63
1434,You,525.82,526.54
1435,are,526.54,526.74
1436,26,526.74,527.11
1437,Fear,527.32,527.97
1438,no,527.97,528.16
1439,longer,528.16,529.05
1440,leads,529.05,529.68
1441,when,529.68,530.25
1442,you,530.25,530.39
1443,move,530.39,530.74
1444,darkness,530.74,531.24
1445,It,531.4,531.81
1446,runs,531.81,532.16
1447,alongside,532.16,532.74
1448,you,532.74,532.97
1449,now,532.97,533.2
1450,Present,533.43,534.04
1451,but,534.12,534.34
1452,not,534.34,534.47
1453,in,534.47,534.89
1454,charge,534.89,535.31
1455,The,535.42,535.65
1456,night,535.65,535.94
1457,that,535.94,536.7
1458,changes,536.7,536.88
1459,you,536.88,537.27
1460,comes,537.27,537.74
1461,in,537.74,537.82
1462,late,537.82,538.06
1463,autumn,538.06,538.5
1464,Your,538.61,539.13
1465,group,539.13,539.48
1466,drives,539.48,539.82
1467,a,539.82,539.89
1468,small,539.89,540.26
1469,au,540.26,540.42
1470,ro,540.42,540.54
1471,chs,540.54,540.76
1472,herd,540.76,541.1
1473,toward,541.1,541.49
1474,a,541.49,541.56
1475,valley,541.56,542.21
1476,narrow,542.21,542.44
1477,ing,542.44,542.66
1478,and,542.8,543.02
1479,three,543.02,543.36
1480,animals,543.36,544.02
1481,break,544.02,544.38
1482,sideways,544.38,544.76
1483,into,544.76,545.06
1484,the,545.14,545.27
1485,trees,545.27,545.63
1486,instead,545.63,546.15
1487,of,546.15,546.48
1488,funnel,546.48,546.73
1489,ing,546.73,547.01
1490,through,547.01,547.46
1491,Two,547.68,547.9
1492,hunters,547.9,548.41
1493,go,548.41,548.55
1494,after,548.55,549.2
1495,them,549.2,549.21
1496,You,549.48,550.03
1497,are,550.03,551.02
1498,one,551.02,551.13
1499,The,551.67,552.1
1500,other,552.1,552.79
1501,is,552.79,553.08
1502,yar,553.08,553.4
1503,row,553.4,553.67
1504,30,554.3,554.38
1505,years,554.38,554.75
1506,old,554.75,555.01
1507,the,555.02,555.67
1508,most,555.67,555.72
1509,composed,555.72,556.29
1510,man,556.29,556.52
1511,on,556.52,556.67
1512,any,556.67,556.9
1513,hunt,556.9,557.21
1514,you,557.21,557.44
1515,have,557.44,557.75
1516,been,557.75,558.04
1517,on,558.04,558.45
1518,The,558.52,558.87
1519,light,558.87,559.46
1520,is,559.46,560.26
1521,going,560.26,560.28
1522,fast,560.28,560.83
1523,You,561.3,561.51
1524,push,561.51,562.02
1525,through,562.02,562.39
1526,the,562.39,562.54
1527,tree,562.54,562.74
1528,line,562.74,562.92
1529,into,562.92,563.42
1530,heavier,563.42,563.55
1531,timber,563.55,563.85
1532,and,563.97,564.1
1533,the,564.1,564.25
1534,animals,564.25,564.62
1535,are,564.62,564.77
1536,already,564.77,565.14
1537,gone,565.14,565.35
1538,ahead,565.35,565.59
1539,of,565.59,565.79
1540,you,565.79,565.86
1541,into,565.86,566.17
1542,the,566.17,566.22
1543,dark,566.22,566.43
1544,Yar,567.14,567.33
1545,row,567.33,567.55
1546,signals,567.55,568.42
1547,to,568.42,568.48
1548,stop,568.48,568.78
1549,You,569.05,569.32
1550,both,569.32,569.68
1551,go,569.68,569.86
1552,still,569.86,570.36
1553,You,570.59,571.21
1554,listen,571.21,571.41
1555,What,571.68,572.03
1556,you,572.03,572.27
1557,hear,572.27,573.02
1558,instead,573.02,573.31
1559,of,573.31,573.49
1560,au,573.49,573.67
1561,ro,573.67,574.06
1562,chs,574.06,574.24
1563,is,574.24,574.7
1564,something,574.7,575.0
1565,low,575.0,575.23
1566,and,575.23,575.46
1567,close,575.46,575.6
1568,to,575.6,576.0
1569,the,576.0,576.42
1570,ground,576.42,576.69
1571,A,576.95,576.99
1572,breathing,576.99,577.69
1573,that,577.69,578.04
1574,belongs,578.04,578.54
1575,to,578.54,579.15
1576,neither,579.15,579.23
1577,of,579.23,579.38
1578,you,579.38,579.61
1579,You,579.84,580.07
1580,cannot,580.07,580.96
1581,locate,580.96,580.99
1582,it,580.99,581.26
1583,in,581.26,581.34
1584,the,581.34,581.61
1585,trees,581.61,582.06
1586,You,582.33,582.74
1587,do,582.74,582.79
1588,not,582.79,583.06
1589,move,583.06,583.42
1590,Yar,583.7,583.96
1591,row,583.96,584.23
1592,does,584.23,584.64
1593,not,584.64,584.86
1594,move,584.86,585.49
1595,The,585.49,585.76
1596,breathing,585.76,586.49
1597,stops,586.49,587.3
1598,Three,587.32,587.87
1599,seconds,587.87,588.42
1600,Then,588.81,589.68
1601,Yar,589.68,590.2
1602,row,590.2,590.77
1603,shifts,590.77,591.19
1604,his,591.19,591.38
1605,weight,591.46,591.85
1606,back,591.85,591.98
1607,one,592.31,592.78
1608,foot,592.78,592.9
1609,at,592.9,593.01
1610,a,593.01,593.08
1611,time,593.08,593.39
1612,and,593.55,593.77
1613,you,593.77,594.0
1614,mirror,594.0,594.47
1615,him,594.47,594.7
1616,exactly,594.7,595.48
1617,You,595.53,595.71
1618,walk,595.71,596.02
1619,backward,596.02,596.57
1620,out,596.57,596.9
1621,of,596.9,597.26
1622,the,597.26,597.34
1623,forest,597.34,597.92
1624,with,597.92,598.14
1625,your,598.14,598.37
1626,spear,598.37,598.63
1627,forward,598.63,599.02
1628,and,599.02,599.45
1629,your,599.45,599.55
1630,free,599.55,599.69
1631,hand,599.69,599.91
1632,tra,599.91,600.09
1633,iling,600.09,600.36
1634,behind,600.36,600.7
1635,you,600.7,600.87
1636,to,600.87,600.98
1637,feel,600.98,601.21
1638,for,601.21,601.44
1639,the,601.44,601.55
1640,tree,601.55,601.75
1641,line,601.75,602.24
1642,You,602.3,602.88
1643,reach,602.88,603.96
1644,the,603.96,604.17
1645,open,604.17,604.46
1646,me,604.46,604.51
1647,adow,604.51,604.89
1648,and,605.04,605.37
1649,you,605.37,605.49
1650,both,605.49,605.77
1651,run,605.77,605.99
1652,Not,606.2,606.42
1653,deciding,606.42,607.0
1654,to,607.0,607.26
1655,run,607.26,607.36
1656,just,607.5,608.11
1657,running,608.11,608.3
1658,You,608.53,608.73
1659,return,608.73,609.15
1660,to,609.15,609.27
1661,the,609.27,609.65
1662,main,609.65,609.92
1663,group,609.92,610.26
1664,and,610.26,610.48
1665,report,610.48,610.93
1666,The,611.14,611.2
1667,hunt,611.2,611.9
1668,leader,611.9,612.12
1669,listens,612.12,612.65
1670,and,612.65,612.85
1671,sends,612.85,613.23
1672,nobody,613.23,613.78
1673,back,613.78,613.98
1674,The,614.22,614.57
1675,au,614.57,614.63
1676,ro,614.63,614.72
1677,chs,614.72,615.05
1678,are,615.05,615.16
1679,gone,615.16,615.45
1680,Whatever,615.68,616.44
1681,shared,616.44,616.73
1682,that,616.73,617.12
1683,timber,617.12,617.34
1684,with,617.42,617.58
1685,you,617.58,617.76
1686,was,617.76,617.93
1687,not,617.93,617.99
1688,worth,617.99,618.74
1689,finding,618.74,618.87
1690,That,619.03,619.29
1691,night,619.29,619.57
1692,by,619.57,619.7
1693,the,619.7,619.88
1694,fire,619.88,620.11
1695,you,620.23,620.41
1696,think,620.41,620.71
1697,about,620.71,621.16
1698,the,621.16,621.49
1699,three,621.49,621.5
1700,seconds,621.5,622.04
1701,after,622.04,622.31
1702,the,622.31,622.48
1703,breathing,622.48,622.98
1704,stopped,622.98,623.57
1705,Something,623.9,624.43
1706,in,624.43,624.51
1707,the,624.51,624.71
1708,dark,624.71,625.02
1709,assessed,625.02,625.52
1710,you,625.52,625.78
1711,and,625.78,625.92
1712,made,625.92,626.24
1713,a,626.24,626.63
1714,decision,626.63,626.79
1715,You,627.05,627.19
1716,do,627.19,627.32
1717,not,627.32,627.52
1718,know,627.52,627.78
1719,what,627.78,628.06
1720,it,628.06,628.32
1721,decided,628.32,628.85
1722,or,628.85,629.01
1723,why,629.01,629.1
1724,You,629.7,629.74
1725,only,629.74,630.01
1726,know,630.01,630.32
1727,you,630.32,630.55
1728,are,630.55,630.78
1729,at,630.78,630.93
1730,the,630.93,631.16
1731,fire,631.16,631.47
1732,because,631.47,632.47
1733,whatever,632.47,632.63
1734,it,632.63,632.89
1735,was,632.89,633.01
1736,let,633.01,633.24
1737,you,633.24,633.47
1738,leave,633.47,633.86
1739,That,634.28,634.85
1740,is,634.85,635.32
1741,a,635.32,635.36
1742,different,635.36,635.94
1743,kind,635.94,636.01
1744,of,636.01,636.76
1745,knowledge,636.76,636.93
1746,than,636.93,637.19
1747,anything,637.19,637.72
1748,you,637.72,637.92
1749,were,637.92,638.17
1750,taught,638.17,638.66
1751,It,638.75,638.88
1752,does,638.88,639.09
1753,not,639.09,639.51
1754,sit,639.51,639.52
1755,in,639.52,639.65
1756,the,639.65,639.93
1757,same,639.93,640.1
1758,place,640.1,640.43
1759,You,641.3,641.32
1760,get,641.32,641.86
1761,quieter,641.94,642.34
1762,after,642.34,642.48
1763,that,642.48,642.95
1764,Not,643.26,643.39
1765,afraid,643.39,643.81
1766,but,643.89,644.09
1767,rearr,644.09,644.43
1768,anged,644.43,644.77
1769,inside,644.77,645.18
1770,You,645.47,646.01
1771,understand,646.01,646.85
1772,that,646.85,647.82
1773,surviving,647.82,648.29
1774,is,648.29,648.5
1775,not,648.5,648.86
1776,only,648.86,649.26
1777,about,649.26,649.59
1778,what,649.59,649.78
1779,you,649.78,650.0
1780,do,650.0,650.14
1781,There,650.36,650.71
1782,is,650.71,650.86
1783,a,650.86,651.18
1784,space,651.18,651.33
1785,between,651.33,651.8
1786,your,651.8,652.09
1787,action,652.09,652.53
1788,and,652.53,652.82
1789,something,652.82,653.38
1790,else,653.38,653.69
1791,'s,653.69,653.93
1792,action,653.93,654.35
1793,And,654.5,654.72
1794,in,654.72,654.86
1795,that,654.86,655.09
1796,space,655.09,655.74
1797,lives,655.74,656.02
1798,an,656.02,656.22
1799,element,656.22,656.71
1800,that,656.71,656.84
1801,no,656.84,657.58
1802,amount,657.58,657.63
1803,of,657.63,657.75
1804,skill,657.75,658.08
1805,removes,658.08,658.58
1806,entirely,658.58,659.26
1807,You,659.37,659.58
1808,do,659.58,659.72
1809,not,659.72,659.96
1810,say,659.96,660.37
1811,this,660.37,660.43
1812,to,660.43,660.57
1813,anyone,660.57,661.0
1814,for,661.0,661.21
1815,a,661.21,661.28
1816,long,661.28,661.53
1817,time,661.53,662.18
1818,You,662.18,663.22
1819,carry,663.22,663.44
1820,it,663.52,663.63
1821,Level,663.91,664.07
1822,6,664.07,664.84
1823,The,664.97,665.22
1824,one,665.22,665.5
1825,they,665.5,665.87
1826,follow,665.87,666.48
1827,you,666.61,666.89
1828,are,666.89,667.59
1829,33,667.59,667.73
1830,You,668.01,668.29
1831,lead,668.29,668.65
1832,the,668.65,669.4
1833,night,669.4,669.41
1834,sc,669.41,669.6
1835,outs,669.6,669.97
1836,now,669.97,670.44
1837,Four,670.53,670.9
1838,of,670.9,671.09
1839,them,671.09,671.46
1840,besides,671.46,672.26
1841,yourself,672.26,672.95
1842,ranging,673.66,673.71
1843,from,673.71,674.05
1844,17,674.05,674.56
1845,to,674.56,674.73
1846,24,674.73,675.3
1847,They,675.56,675.83
1848,are,675.83,676.08
1849,not,676.08,676.41
1850,yours,676.41,676.83
1851,in,676.83,676.93
1852,any,676.93,677.18
1853,formal,677.18,677.95
1854,sense,677.95,678.22
1855,There,678.37,678.79
1856,is,678.79,678.97
1857,no,678.97,679.26
1858,formal,679.26,679.65
1859,sense,679.65,680.2
1860,here,680.2,680.37
1861,But,681.08,681.16
1862,when,681.16,681.2
1863,you,681.2,681.5
1864,slow,681.5,681.63
1865,they,682.48,682.5
1866,slow,682.5,682.9
1867,When,683.2,683.62
1868,you,683.62,683.9
1869,stop,683.9,684.38
1870,they,684.5,685.23
1871,stop,685.23,685.3
1872,When,685.65,686.0
1873,you,686.0,686.28
1874,speak,686.28,687.0
1875,at,687.0,687.04
1876,the,687.04,687.3
1877,fire,687.3,687.69
1878,before,687.69,688.3
1879,a,688.3,688.47
1880,hard,688.47,688.88
1881,night,688.88,689.14
1882,their,689.66,689.82
1883,attention,689.82,690.25
1884,is,690.25,690.31
1885,different,690.31,690.96
1886,from,690.96,691.0
1887,what,691.0,691.15
1888,they,691.15,691.34
1889,give,691.34,691.53
1890,anyone,691.53,691.82
1891,else,691.82,692.01
1892,You,692.22,692.62
1893,did,692.62,692.9
1894,not,692.9,693.2
1895,ask,693.2,693.73
1896,for,693.73,693.92
1897,this,693.92,694.37
1898,You,694.72,695.27
1899,are,695.27,695.54
1900,sure,695.54,695.82
1901,when,695.82,696.09
1902,it,696.09,696.24
1903,started,696.24,696.93
1904,The,696.96,697.17
1905,weight,697.17,697.56
1906,of,697.56,697.71
1907,it,697.71,697.84
1908,is,697.84,697.98
1909,not,697.98,698.19
1910,the,698.19,698.4
1911,same,698.4,698.68
1912,as,698.68,698.84
1913,the,698.84,699.03
1914,fear,699.03,699.29
1915,from,699.29,699.69
1916,your,699.69,699.87
1917,younger,699.87,700.36
1918,years,700.36,700.71
1919,That,701.5,701.74
1920,fear,701.74,702.14
1921,was,702.14,702.39
1922,about,702.39,702.82
1923,your,702.82,703.15
1924,own,703.15,703.56
1925,body,703.56,703.77
1926,This,704.0,704.34
1927,sits,704.34,704.68
1928,differently,704.68,705.62
1929,It,705.88,706.06
1930,is,706.06,706.29
1931,about,706.29,706.71
1932,theirs,706.71,707.14
1933,Your,707.38,708.1
1934,youngest,708.1,708.43
1935,scout,708.43,708.86
1936,is,708.86,709.14
1937,Fen,709.14,709.28
1938,He,709.66,710.61
1939,has,710.61,710.74
1940,the,710.74,710.92
1941,instincts,710.92,711.43
1942,but,711.59,711.93
1943,his,711.93,712.33
1944,feet,712.33,712.45
1945,carry,712.45,712.87
1946,his,712.87,713.04
1947,excitement,713.04,713.78
1948,on,713.78,713.96
1949,runs,713.96,714.22
1950,Too,714.43,715.02
1951,quick,715.02,715.07
1952,consistently,715.16,716.04
1953,you,716.16,716.61
1954,watch,716.61,716.88
1955,him,716.88,716.99
1956,for,716.99,717.3
1957,two,717.3,717.54
1958,full,717.54,717.82
1959,seasons,717.9,718.31
1960,and,718.31,718.52
1961,say,718.52,719.17
1962,almost,719.17,719.24
1963,nothing,719.24,719.67
1964,You,719.88,720.09
1965,let,720.09,720.3
1966,him,720.3,720.51
1967,see,720.51,720.72
1968,the,720.72,720.93
1969,contrast,720.93,721.59
1970,Then,721.97,721.99
1971,one,722.13,722.39
1972,evening,722.39,722.81
1973,before,722.81,723.34
1974,run,723.34,723.78
1975,you,723.8,723.94
1976,tell,723.94,724.12
1977,him,724.12,724.33
1978,plain,724.33,724.71
1979,ly,724.71,724.86
1980,slow,725.02,725.47
1981,is,725.47,725.54
1982,not,725.54,725.69
1983,about,725.69,726.07
1984,the,726.07,726.29
1985,danger,726.29,726.74
1986,being,726.74,727.16
1987,less,727.16,727.42
1988,Slow,727.64,727.85
1989,is,727.85,728.27
1990,about,728.27,728.47
1991,being,728.47,728.85
1992,harder,728.85,729.29
1993,to,729.29,729.43
1994,detect,729.43,730.08
1995,after,731.66,731.74
1996,the,731.74,731.75
1997,decision,731.75,732.18
1998,has,732.18,733.08
1999,already,733.08,733.37
2000,been,733.37,733.73
2001,made,733.73,734.09
2002,Before,734.36,734.96
2003,that,734.96,735.24
2004,moment,735.24,735.82
2005,slow,735.98,736.34
2006,is,736.34,736.52
2007,the,736.52,736.82
2008,sharp,736.82,736.97
2009,est,736.97,737.18
2010,thing,737.18,737.34
2011,you,737.42,737.64
2012,have,737.64,738.04
2013,On,738.21,738.74
2014,the,738.74,738.77
2015,next,738.77,739.12
2016,run,739.12,739.38
2017,he,739.38,739.55
2018,slows,739.55,739.99
2019,Not,740.25,740.51
2020,completely,740.51,741.49
2021,But,741.74,741.91
2022,you,741.91,742.04
2023,can,742.04,742.19
2024,see,742.19,742.36
2025,it,742.36,742.44
2026,You,742.63,743.3
2027,remember,743.3,744.19
2028,D,744.19,744.34
2029,ure,744.34,744.42
2030,tte,744.42,744.59
2031,'s,744.59,744.73
2032,hand,744.73,744.96
2033,on,744.96,745.1
2034,your,745.1,745.35
2035,shoulder,745.35,745.86
2036,over,745.86,746.11
2037,the,746.11,746.52
2038,dropped,746.52,746.74
2039,torch,746.74,747.06
2040,You,747.27,747.46
2041,remember,747.46,747.95
2042,Kor,747.95,748.14
2043,ik,748.14,748.26
2044,stopping,748.26,748.88
2045,half,748.88,749.02
2046,a,749.02,749.25
2047,step,749.25,749.33
2048,after,749.33,749.67
2049,you,749.67,749.84
2050,in,749.84,749.96
2051,the,749.96,750.15
2052,dark,750.15,750.39
2053,word,751.18,751.26
2054,less,751.26,751.43
2055,confirmation,751.43,751.7
2056,that,751.7,752.58
2057,your,752.58,752.71
2058,nose,752.71,752.93
2059,had,752.93,753.13
2060,caught,753.13,753.49
2061,something,753.49,754.05
2062,real,754.05,754.3
2063,things,755.34,755.42
2064,that,755.42,755.64
2065,kept,755.64,755.85
2066,you,755.85,756.41
2067,alive,756.41,756.76
2068,were,756.76,756.99
2069,not,756.99,757.29
2070,only,757.29,757.58
2071,your,757.58,757.92
2072,own,757.92,758.17
2073,choices,758.17,758.76
2074,They,759.21,759.49
2075,were,759.49,759.91
2076,built,759.91,760.23
2077,into,760.23,760.54
2078,you,760.54,760.86
2079,by,760.86,761.3
2080,people,761.3,761.44
2081,who,761.44,761.66
2082,made,761.74,761.91
2083,room,761.91,762.15
2084,for,762.15,762.35
2085,you,762.35,762.38
2086,to,762.38,762.64
2087,learn,762.64,763.08
2088,without,763.08,763.39
2089,killing,763.39,763.83
2090,your,763.83,764.08
2091,willingness,764.08,764.77
2092,to,764.77,764.96
2093,try,764.96,765.07
2094,You,765.27,765.81
2095,try,765.81,766.04
2096,to,766.04,766.28
2097,build,766.28,766.81
2098,that,766.81,767.62
2099,same,767.62,767.74
2100,room,767.74,767.98
2101,for,768.06,768.2
2102,Fen,768.2,768.42
2103,You,768.53,768.65
2104,do,768.65,769.01
2105,not,769.01,769.4
2106,always,769.4,769.68
2107,manage,769.68,770.15
2108,it,770.15,770.28
2109,Some,770.52,770.8
2110,nights,770.8,771.28
2111,the,771.5,772.11
2112,danger,772.11,772.13
2113,is,772.13,772.24
2114,too,772.24,772.55
2115,close,772.55,772.78
2116,and,772.94,773.18
2117,you,773.18,773.67
2118,have,773.67,773.9
2119,to,773.9,773.94
2120,be,773.94,774.06
2121,hard,774.06,774.32
2122,with,774.32,774.52
2123,them,774.52,774.73
2124,in,774.73,774.83
2125,ways,774.83,775.04
2126,you,775.04,775.2
2127,regret,775.2,775.47
2128,by,775.47,775.62
2129,the,775.62,775.92
2130,time,775.92,776.04
2131,you,776.04,776.15
2132,are,776.15,776.31
2133,sitting,776.31,776.69
2134,at,776.69,776.79
2135,the,776.79,776.95
2136,fire,776.95,777.16
2137,watching,777.16,777.59
2138,their,777.59,777.86
2139,faces,777.86,778.13
2140,Every,778.67,779.62
2141,dawn,779.62,780.62
2142,is,780.62,781.32
2143,temporary,781.32,781.9
2144,The,781.96,782.29
2145,dark,782.29,782.73
2146,comes,782.73,782.87
2147,back,782.87,783.13
2148,the,783.13,783.32
2149,same,783.32,783.58
2150,way,783.58,783.77
2151,your,783.77,784.03
2152,mother,784.03,784.42
2153,fed,784.42,784.62
2154,the,784.62,784.8
2155,fire,784.8,785.06
2156,Without,785.47,785.7
2157,announcement,785.7,786.48
2158,without,787.28,787.56
2159,end,787.56,787.85
2160,Level,789.26,789.34
2161,7,789.34,789.98
2162,The,790.04,790.3
2163,one,790.3,790.66
2164,the,790.66,790.79
2165,band,790.79,791.03
2166,depends,791.03,791.55
2167,on,791.55,791.69
2168,You,791.94,792.3
2169,are,792.3,792.49
2170,41,792.49,793.03
2171,There,793.4,793.78
2172,are,793.78,794.72
2173,children,794.72,794.85
2174,here,794.85,795.16
2175,who,795.16,795.43
2176,have,795.43,795.8
2177,never,795.8,796.36
2178,known,796.36,796.76
2179,a,796.76,796.81
2180,night,796.81,797.05
2181,where,797.05,797.47
2182,someone,797.47,797.72
2183,other,797.72,798.12
2184,than,798.12,798.44
2185,you,798.44,798.63
2186,was,798.63,799.28
2187,the,799.28,799.62
2188,person,799.62,799.9
2189,the,799.9,800.08
2190,adults,800.08,800.49
2191,looked,800.49,800.63
2192,to,800.63,801.03
2193,when,801.03,801.5
2194,something,801.5,801.91
2195,moved,801.91,802.25
2196,at,802.25,802.38
2197,the,802.38,802.62
2198,perimeter,802.62,803.19
2199,That,803.39,803.65
2200,reaches,803.65,804.23
2201,you,804.23,804.34
2202,one,804.34,804.65
2203,morning,804.65,805.02
2204,when,805.02,805.29
2205,a,805.29,805.43
2206,girl,805.43,805.65
2207,of,805.65,806.04
2208,about,806.04,806.08
2209,nine,806.08,806.35
2210,walks,806.35,806.67
2211,to,806.67,806.81
2212,you,806.81,807.0
2213,at,807.0,807.14
2214,the,807.14,807.49
2215,fire,807.49,807.61
2216,'s,807.61,807.74
2217,edge,807.74,808.03
2218,puts,808.14,808.41
2219,a,808.41,808.47
2220,piece,808.47,808.8
2221,of,808.8,808.93
2222,dried,808.93,809.38
2223,meat,809.38,809.53
2224,in,809.53,809.65
2225,your,809.65,810.2
2226,hand,810.2,810.23
2227,and,810.33,810.65
2228,walks,810.65,810.86
2229,away,810.86,811.24
2230,without,811.24,811.48
2231,any,811.48,811.67
2232,explanation,811.67,812.0
2233,You,812.54,812.88
2234,hold,812.88,813.01
2235,the,813.01,813.18
2236,meat,813.18,813.43
2237,and,813.43,813.65
2238,understand,813.65,814.25
2239,you,814.25,814.52
2240,have,814.52,814.78
2241,become,814.78,815.06
2242,something,815.06,815.64
2243,this,815.64,815.89
2244,group,815.89,816.2
2245,has,816.2,816.39
2246,no,816.39,816.47
2247,simple,816.47,816.94
2248,word,817.02,817.29
2249,for,817.29,817.45
2250,Your,817.6,818.35
2251,back,818.35,818.51
2252,has,818.51,818.77
2253,decades,818.77,819.39
2254,stored,819.39,819.98
2255,in,819.98,820.09
2256,it,820.09,820.26
2257,long,820.43,821.09
2258,crouch,821.09,821.24
2259,es,821.24,821.36
2260,in,821.36,821.51
2261,cold,821.51,821.73
2262,grass,821.73,822.05
2263,the,822.21,822.9
2264,particular,822.9,823.5
2265,ache,823.5,823.94
2266,of,823.94,824.33
2267,held,824.33,824.5
2268,still,824.5,824.85
2269,ness,824.85,825.01
2270,Your,825.16,825.9
2271,knees,825.9,826.03
2272,announce,826.03,826.53
2273,themselves,826.53,827.23
2274,on,827.23,827.37
2275,cold,827.37,827.65
2276,mornings,827.65,828.63
2277,before,828.63,828.65
2278,you,828.65,828.84
2279,are,828.84,829.07
2280,fully,829.07,829.4
2281,awake,829.4,829.7
2282,are,830.46,830.93
2283,not,830.93,831.5
2284,old,831.5,831.7
2285,by,831.7,831.84
2286,some,831.84,832.13
2287,measures,832.13,832.71
2288,But,833.1,833.15
2289,you,833.15,833.37
2290,are,833.37,833.65
2291,old,833.65,833.81
2292,the,833.81,834.03
2293,way,834.03,834.25
2294,that,834.25,834.54
2295,20,834.54,835.0
2296,years,835.0,835.32
2297,of,835.32,835.85
2298,moving,835.85,835.92
2299,at,835.92,836.06
2300,night,836.06,836.42
2301,makes,836.42,836.78
2302,a,836.78,836.85
2303,body,836.85,837.36
2304,old,837.36,837.66
2305,There,837.68,838.7
2306,faster,838.78,839.23
2307,men,839.23,839.33
2308,now,839.33,840.05
2309,There,840.12,840.5
2310,are,840.5,840.77
2311,sc,840.77,840.95
2312,outs,840.95,841.31
2313,with,841.31,841.74
2314,sharper,841.74,842.27
2315,ears,842.27,842.85
2316,You,842.93,843.27
2317,say,843.27,843.47
2318,so,843.47,843.65
2319,You,843.91,844.39
2320,tell,844.39,844.64
2321,F,844.64,844.66
2322,enn,844.66,844.91
2323,25,845.09,845.7
2324,now,845.7,845.9
2325,and,845.9,846.2
2326,leading,846.2,846.61
2327,runs,846.61,846.86
2328,you,846.86,847.02
2329,no,847.02,847.18
2330,longer,847.18,847.52
2331,go,847.52,847.68
2332,on,847.68,847.98
2333,that,848.42,848.46
2334,his,848.46,848.7
2335,ears,848.7,849.02
2336,are,849.02,849.26
2337,better,849.26,849.74
2338,than,849.74,850.06
2339,yours,850.06,850.46
2340,in,850.46,850.59
2341,the,850.59,850.89
2342,bir,850.89,851.17
2343,ch,851.17,851.26
2344,stands,851.26,851.74
2345,He,851.98,852.14
2346,takes,852.14,852.54
2347,it,852.54,852.71
2348,as,852.71,852.98
2349,mod,852.98,853.1
2350,esty,853.1,853.55
2351,at,853.55,853.68
2352,first,853.68,854.12
2353,You,854.38,855.08
2354,explain,855.08,855.25
2355,that,855.25,855.63
2356,it,855.63,855.77
2357,is,855.77,855.94
2358,not,855.94,856.22
2359,It,856.46,856.72
2360,is,856.72,856.8
2361,a,856.8,856.98
2362,fact,856.98,857.23
2363,he,857.23,857.83
2364,needs,857.83,857.84
2365,to,857.84,858.01
2366,act,858.01,858.27
2367,on,858.27,858.44
2368,and,858.61,858.87
2369,acting,858.87,859.56
2370,on,859.56,859.64
2371,it,859.64,859.73
2372,correctly,859.73,860.68
2373,means,860.68,861.07
2374,his,861.07,861.26
2375,responsibility,861.34,862.3
2376,at,862.3,862.67
2377,night,862.67,862.83
2378,is,862.83,862.98
2379,larger,862.98,863.43
2380,than,863.43,863.73
2381,it,863.73,863.88
2382,was,863.88,864.1
2383,not,864.3,864.56
2384,smaller,864.56,864.99
2385,A,865.33,865.41
2386,predator,865.41,865.9
2387,gets,865.9,866.18
2388,through,866.18,866.86
2389,the,866.86,867.2
2390,perimeter,867.2,867.69
2391,on,867.69,867.81
2392,a,867.81,867.84
2393,winter,867.84,867.92
2394,night,867.92,868.6
2395,and,868.6,868.62
2396,kills,868.62,868.89
2397,one,868.89,869.05
2398,of,869.05,869.16
2399,the,869.16,869.32
2400,youngest,869.32,869.76
2401,members,869.76,870.24
2402,of,870.24,870.25
2403,the,870.25,870.5
2404,band,870.5,870.63
2405,before,870.63,871.35
2406,anyone,871.35,871.44
2407,can,871.44,871.7
2408,reach,871.7,872.12
2409,the,872.12,872.22
2410,site,872.22,872.71
2411,The,873.1,873.23
2412,child,873.23,873.65
2413,is,873.65,873.8
2414,barely,873.8,874.31
2415,four,874.31,874.74
2416,years,874.74,875.07
2417,old,875.07,875.31
2418,You,875.82,875.85
2419,are,875.85,876.07
2420,at,876.07,876.27
2421,the,876.27,876.49
2422,eastern,876.49,877.0
2423,post,877.0,877.66
2424,The,877.67,877.92
2425,attack,877.92,878.43
2426,comes,878.43,878.94
2427,from,878.94,879.12
2428,the,879.12,879.32
2429,direction,879.32,879.63
2430,that,879.63,880.24
2431,is,880.24,880.52
2432,not,880.52,880.65
2433,yours,880.65,880.94
2434,You,881.15,881.36
2435,sit,881.36,881.57
2436,with,881.57,881.85
2437,that,881.85,882.16
2438,for,882.16,882.41
2439,a,882.41,882.42
2440,long,882.42,882.69
2441,time,882.69,882.96
2442,You,883.27,883.39
2443,go,883.39,883.53
2444,back,883.53,883.81
2445,through,883.81,884.29
2446,every,884.29,885.04
2447,of,885.12,885.18
2448,that,885.18,885.46
2449,night,885.46,885.59
2450,The,886.03,886.46
2451,positioning,886.46,887.06
2452,was,887.06,887.32
2453,right,887.32,887.76
2454,The,888.08,888.34
2455,rotations,888.34,889.19
2456,were,889.19,889.4
2457,right,889.4,889.75
2458,The,889.96,890.17
2459,arrangement,890.17,891.0
2460,was,891.0,891.42
2461,what,891.42,891.6
2462,it,891.6,891.75
2463,has,891.75,891.97
2464,always,891.97,892.12
2465,been,892.12,892.94
2466,None,893.02,893.24
2467,of,893.24,893.39
2468,that,893.39,893.69
2469,lifts,893.69,894.06
2470,the,894.06,894.28
2471,weight,894.28,894.73
2472,What,894.95,895.22
2473,you,895.22,895.75
2474,arrive,895.75,895.92
2475,at,895.92,896.17
2476,eventually,896.22,896.9
2477,is,897.17,897.56
2478,that,897.56,897.7
2479,you,897.7,897.96
2480,can,897.96,898.24
2481,build,898.24,898.44
2482,the,898.44,898.61
2483,best,898.61,898.84
2484,structure,898.84,899.84
2485,knowledge,899.84,899.9
2486,and,899.9,900.07
2487,experience,900.07,900.66
2488,allow,900.66,900.98
2489,and,901.06,901.23
2490,the,901.23,901.48
2491,night,901.48,901.74
2492,will,901.74,901.92
2493,still,901.92,902.17
2494,find,902.17,902.59
2495,the,902.59,902.61
2496,gap,902.61,903.01
2497,that,903.01,903.12
2498,structure,903.12,903.52
2499,cannot,903.52,903.98
2500,close,903.98,904.12
2501,Accept,904.92,905.07
2502,ing,905.07,905.28
2503,that,905.28,905.58
2504,without,905.58,906.12
2505,it,906.12,906.27
2506,hollow,906.27,906.82
2507,ing,906.82,906.96
2508,out,906.96,907.3
2509,your,907.3,907.67
2510,readiness,907.67,908.18
2511,is,908.18,908.33
2512,harder,908.33,908.72
2513,than,908.72,909.09
2514,any,909.09,909.48
2515,technique,909.48,910.08
2516,you,910.08,910.28
2517,have,910.36,910.63
2518,ever,910.63,911.35
2519,learned,911.35,911.7
2520,Hard,911.85,912.23
2521,er,912.23,912.37
2522,than,912.37,912.72
2523,any,912.72,912.98
2524,knight,912.98,913.58
2525,run,913.58,913.76
2526,in,913.76,913.9
2527,open,913.9,914.43
2528,ground,914.43,914.85
2529,You,915.06,915.32
2530,rebuild,915.32,916.19
2531,You,916.24,916.45
2532,add,916.45,916.71
2533,a,916.71,916.81
2534,post,916.81,917.28
2535,that,917.28,917.4
2536,covers,917.4,917.68
2537,the,917.68,917.88
2538,gap,917.88,918.08
2539,the,918.08,918.2
2540,knight,918.2,919.03
2541,found,919.03,919.1
2542,You,919.23,919.43
2543,do,919.43,919.63
2544,not,919.63,919.76
2545,put,919.76,919.96
2546,down,919.96,920.24
2547,the,920.24,920.43
2548,grief,920.43,920.77
2549,You,920.98,921.17
2550,carry,921.17,921.41
2551,it,921.41,921.83
2552,alongside,921.83,922.25
2553,everything,922.25,922.88
2554,else,922.88,923.2
2555,and,923.78,923.82
2556,you,923.82,923.86
2557,keep,923.86,924.07
2558,working,924.07,924.5
2559,Level,925.14,925.2
2560,8,925.2,925.41
2561,The,925.64,925.89
2562,one,925.89,926.14
2563,who,926.14,926.39
2564,teaches,926.39,927.08
2565,what,927.08,927.32
2566,cannot,927.32,927.93
2567,be,927.93,928.0
2568,taught,928.0,928.51
2569,easily,928.51,928.93
2570,You,929.33,929.74
2571,are,929.74,929.82
2572,49,929.82,930.31
2573,sc,931.82,931.9
2574,outs,931.9,931.98
2575,lead,931.98,932.27
2576,their,932.27,932.37
2577,own,932.37,933.22
2578,groups,933.22,933.35
2579,now,933.35,933.51
2580,in,933.51,933.65
2581,different,933.65,934.31
2582,parts,934.31,934.67
2583,of,934.67,934.86
2584,the,934.86,935.05
2585,territory,935.05,935.97
2586,When,935.98,936.39
2587,the,936.39,936.69
2588,bands,936.69,936.96
2589,come,937.04,937.2
2590,together,937.2,937.68
2591,at,937.68,937.74
2592,the,937.74,938.36
2593,seasonal,938.36,938.49
2594,meeting,938.49,938.91
2595,place,938.91,939.18
2596,by,939.18,939.32
2597,the,939.32,939.5
2598,wide,939.5,939.72
2599,river,939.72,940.02
2600,those,940.26,940.44
2601,men,940.44,940.62
2602,find,940.62,941.04
2603,you,941.04,941.11
2604,at,941.11,941.16
2605,the,941.16,941.34
2606,fire,941.34,941.58
2607,sit,941.78,942.26
2608,close,942.26,942.65
2609,and,943.12,943.18
2610,the,943.18,943.2
2611,talk,943.2,943.45
2612,moves,943.45,943.64
2613,between,943.64,944.54
2614,ordinary,944.54,944.8
2615,things,944.8,945.2
2616,and,945.2,945.4
2617,the,945.4,945.6
2618,kind,945.6,945.87
2619,of,945.87,946.0
2620,talk,946.0,946.27
2621,that,946.27,946.54
2622,only,946.54,947.27
2623,happens,947.27,947.28
2624,between,947.28,947.75
2625,people,947.75,948.24
2626,who,948.24,948.46
2627,have,948.46,948.73
2628,shared,948.73,949.2
2629,a,949.2,949.86
2630,particular,949.86,949.88
2631,kind,949.88,950.15
2632,of,950.15,950.28
2633,knight,950.28,950.69
2634,Ben,950.89,951.09
2635,brings,951.09,951.5
2636,two,951.5,951.76
2637,young,951.76,952.03
2638,sc,952.03,952.2
2639,outs,952.2,952.57
2640,to,952.57,952.61
2641,you,952.61,952.77
2642,at,952.77,953.03
2643,the,953.03,953.1
2644,gathering,953.1,953.61
2645,does,954.74,954.76
2646,not,954.76,954.82
2647,ask,954.82,955.0
2648,you,955.0,955.23
2649,to,955.23,955.29
2650,teach,955.29,956.11
2651,them,956.11,956.16
2652,anything,956.16,956.74
2653,He,956.97,957.13
2654,places,957.13,957.6
2655,them,957.6,958.04
2656,near,958.04,958.24
2657,you,958.24,958.48
2658,and,958.89,958.93
2659,you,958.93,959.18
2660,understand,959.18,959.94
2661,what,959.94,960.37
2662,he,960.37,960.7
2663,asking,960.78,961.13
2664,You,961.22,961.36
2665,watch,961.36,962.1
2666,the,962.1,962.12
2667,two,962.12,962.33
2668,of,962.33,962.47
2669,them,962.47,962.76
2670,over,962.76,963.06
2671,several,963.06,963.56
2672,evenings,963.56,964.14
2673,One,964.31,964.56
2674,has,964.56,964.85
2675,good,964.85,965.06
2676,instincts,965.06,965.71
2677,but,965.71,965.91
2678,is,965.91,966.62
2679,of,966.62,966.74
2680,fear,966.74,966.99
2681,which,967.11,967.24
2682,is,967.24,967.55
2683,the,967.55,968.02
2684,worst,968.02,968.06
2685,combination,968.06,968.79
2686,you,968.79,968.95
2687,know,968.95,969.2
2688,The,969.39,969.66
2689,fear,969.66,969.92
2690,itself,969.92,970.19
2691,is,970.19,970.37
2692,not,970.37,970.71
2693,the,970.71,970.77
2694,problem,970.77,971.19
2695,Fear,971.46,972.6
2696,is,972.6,972.98
2697,information,972.98,973.72
2698,The,973.92,974.4
2699,problem,974.4,974.61
2700,is,974.61,974.74
2701,what,974.74,975.01
2702,happens,975.01,975.52
2703,when,975.52,975.76
2704,the,975.76,976.02
2705,body,976.02,976.28
2706,'s,976.28,976.36
2707,warning,976.36,977.13
2708,triggers,977.13,977.39
2709,a,977.39,977.55
2710,second,977.55,977.85
2711,signal,977.85,978.18
2712,that,978.18,978.88
2713,over,978.88,978.94
2714,ides,978.94,979.2
2715,the,979.2,979.39
2716,first,979.39,979.7
2717,That,979.9,980.07
2718,young,980.07,980.6
2719,man,980.6,980.66
2720,needs,980.66,980.98
2721,to,980.98,981.15
2722,understand,981.15,981.74
2723,that,981.74,981.99
2724,the,981.99,982.24
2725,tight,982.24,982.5
2726,ness,982.5,982.75
2727,in,982.75,983.02
2728,his,983.02,983.35
2729,chest,983.35,983.38
2730,before,983.38,983.77
2731,a,983.77,983.82
2732,hard,983.82,984.06
2733,night,984.06,984.5
2734,is,984.58,984.65
2735,not,984.65,984.87
2736,a,984.87,984.94
2737,sign,984.94,985.23
2738,of,985.23,985.9
2739,weakness,985.9,986.03
2740,arriving,986.03,986.56
2741,It,986.78,986.93
2742,is,986.93,987.08
2743,the,987.08,987.3
2744,body,987.3,987.59
2745,getting,987.59,988.1
2746,ready,988.1,988.65
2747,You,988.7,988.92
2748,tell,988.92,989.21
2749,him,989.21,989.43
2750,directly,989.43,990.46
2751,because,990.46,990.8
2752,he,990.8,991.03
2753,is,991.03,991.12
2754,young,991.12,991.49
2755,enough,991.49,991.64
2756,that,991.64,992.54
2757,direct,992.54,992.75
2758,still,992.75,993.11
2759,works,993.11,993.49
2760,You,993.72,993.95
2761,see,993.95,994.18
2762,it,994.18,994.42
2763,take,994.42,994.64
2764,in,994.64,994.9
2765,his,994.9,995.27
2766,face,995.27,995.33
2767,The,995.69,995.79
2768,other,995.79,996.17
2769,one,996.17,996.39
2770,is,996.39,997.01
2771,nearly,997.01,997.08
2772,the,997.08,997.36
2773,opposite,997.36,997.65
2774,moves,998.52,998.6
2775,into,998.6,998.68
2776,dark,998.68,999.0
2777,terrain,999.0,999.89
2778,with,999.89,999.93
2779,an,999.93,1000.05
2780,ease,1000.05,1000.37
2781,that,1000.37,1000.69
2782,looks,1000.69,1001.09
2783,like,1001.09,1001.41
2784,calm,1001.41,1001.82
2785,but,1001.82,1001.97
2786,is,1001.97,1002.12
2787,actually,1002.12,1002.78
2788,the,1002.78,1003.09
2789,absence,1003.09,1003.68
2790,of,1003.68,1003.83
2791,proper,1003.83,1004.18
2792,attention,1004.18,1004.84
2793,You,1005.06,1005.58
2794,take,1005.58,1005.6
2795,her,1005.6,1005.81
2796,to,1005.81,1005.95
2797,the,1005.95,1006.17
2798,perimeter,1006.17,1006.84
2799,edge,1006.84,1007.22
2800,one,1007.22,1007.35
2801,evening,1007.35,1007.94
2802,and,1007.94,1008.31
2803,ask,1008.31,1008.33
2804,her,1008.33,1008.53
2805,to,1008.53,1008.75
2806,stand,1008.75,1009.04
2807,still,1009.04,1009.48
2808,and,1009.48,1010.14
2809,report,1010.14,1010.2
2810,what,1010.2,1010.42
2811,she,1010.5,1010.72
2812,notices,1010.72,1011.42
2813,At,1011.83,1011.97
2814,first,1011.97,1012.42
2815,she,1012.42,1012.72
2816,reports,1012.72,1013.46
2817,the,1013.46,1013.72
2818,obvious,1013.72,1014.57
2819,You,1014.72,1015.02
2820,wait,1015.02,1015.42
2821,The,1015.71,1016.38
2822,reports,1016.38,1016.72
2823,get,1016.72,1017.02
2824,finer,1017.02,1017.52
2825,A,1017.82,1017.92
2826,smell,1017.92,1018.44
2827,change,1018.44,1019.02
2828,at,1019.02,1019.34
2829,the,1019.34,1019.46
2830,base,1019.46,1019.77
2831,of,1019.77,1019.92
2832,a,1019.92,1019.98
2833,slope,1019.98,1020.09
2834,A,1020.61,1020.88
2835,sound,1020.88,1021.07
2836,she,1021.07,1021.3
2837,had,1021.3,1021.53
2838,not,1021.53,1021.76
2839,consciously,1021.76,1022.62
2840,registered,1022.62,1023.61
2841,until,1023.61,1023.79
2842,it,1023.79,1024.03
2843,was,1024.03,1024.17
2844,gone,1024.17,1024.47
2845,You,1024.7,1024.98
2846,tell,1024.98,1025.42
2847,her,1025.42,1025.48
2848,that,1025.48,1025.79
2849,That,1026.72,1026.8
2850,second,1026.8,1026.95
2851,kind,1026.95,1027.27
2852,of,1027.27,1028.08
2853,noticing,1028.08,1028.14
2854,That,1028.35,1028.67
2855,is,1028.67,1028.8
2856,where,1028.8,1029.21
2857,the,1029.21,1029.45
2858,whole,1029.45,1029.86
2859,skill,1029.86,1030.27
2860,lives,1030.27,1030.87
2861,You,1030.98,1031.3
2862,are,1031.3,1031.62
2863,not,1031.62,1031.93
2864,certain,1031.93,1032.69
2865,you,1032.69,1033.0
2866,gave,1033.0,1033.46
2867,either,1033.46,1033.88
2868,of,1033.96,1034.0
2869,them,1034.0,1034.25
2870,what,1034.25,1034.39
2871,they,1034.39,1034.54
2872,needed,1034.54,1035.28
2873,You,1035.31,1035.51
2874,were,1035.51,1035.75
2875,not,1035.75,1035.94
2876,certain,1035.94,1036.42
2877,Derek,1036.42,1036.69
2878,and,1036.69,1036.92
2879,Cor,1036.92,1037.18
2880,ic,1037.18,1037.19
2881,gave,1037.19,1037.44
2882,you,1037.44,1038.03
2883,everything,1038.03,1038.26
2884,you,1038.26,1038.45
2885,needed,1038.45,1038.83
2886,You,1039.08,1039.84
2887,gave,1039.84,1040.32
2888,what,1040.32,1040.59
2889,you,1040.59,1040.79
2890,had,1040.79,1040.98
2891,The,1041.04,1041.66
2892,rest,1041.66,1041.74
2893,belongs,1041.74,1042.14
2894,to,1042.14,1042.27
2895,the,1042.27,1042.49
2896,knights,1042.49,1042.95
2897,they,1042.95,1043.22
2898,will,1043.22,1043.49
2899,face,1043.49,1043.76
2900,without,1043.76,1044.44
2901,you,1044.44,1044.47
2902,Level,1044.72,1046.28
2903,9,1046.28,1046.38
2904,The,1046.99,1047.71
2905,one,1047.71,1048.34
2906,whose,1048.34,1048.48
2907,name,1048.48,1048.66
2908,the,1048.66,1048.91
2909,stories,1048.91,1049.18
2910,use,1049.18,1050.0
2911,You,1050.08,1050.27
2912,are,1050.27,1050.5
2913,58,1050.5,1051.02
2914,Your,1051.26,1051.7
2915,hair,1051.7,1051.96
2916,has,1051.96,1052.19
2917,gone,1052.19,1052.81
2918,pale,1052.81,1052.87
2919,at,1052.87,1053.04
2920,the,1053.04,1053.29
2921,edges,1053.29,1053.71
2922,Your,1053.95,1054.62
2923,hands,1054.62,1054.72
2924,are,1054.72,1054.96
2925,steady,1054.96,1055.66
2926,now,1055.66,1055.73
2927,The,1056.06,1056.9
2928,same,1056.9,1057.16
2929,hands,1057.16,1057.56
2930,that,1057.64,1057.77
2931,could,1057.77,1058.05
2932,not,1058.05,1058.22
2933,hold,1058.22,1058.28
2934,still,1058.28,1058.95
2935,over,1058.95,1058.98
2936,your,1058.98,1059.19
2937,first,1059.19,1059.51
2938,real,1059.51,1059.67
2939,guarding,1059.67,1060.12
2940,post,1060.12,1060.34
2941,They,1060.6,1060.87
2942,are,1060.87,1061.07
2943,also,1061.07,1061.71
2944,marked,1061.71,1061.75
2945,with,1061.75,1062.13
2946,everything,1062.13,1062.74
2947,the,1062.74,1062.93
2948,years,1062.93,1063.26
2949,put,1063.26,1063.44
2950,into,1063.44,1063.61
2951,them,1063.61,1064.14
2952,The,1064.16,1064.37
2953,white,1064.37,1064.69
2954,line,1064.69,1064.94
2955,across,1064.94,1065.33
2956,your,1065.33,1065.59
2957,left,1065.59,1065.85
2958,palm,1065.85,1066.11
2959,from,1066.11,1066.35
2960,a,1066.35,1066.48
2961,night,1066.48,1066.89
2962,in,1066.89,1066.9
2963,the,1066.9,1067.08
2964,lim,1067.08,1067.31
2965,estone,1067.31,1067.75
2966,hills,1067.75,1067.98
2967,The,1068.5,1068.58
2968,shortened,1068.58,1068.87
2969,finger,1068.87,1069.24
2970,on,1069.24,1069.35
2971,your,1069.35,1069.9
2972,right,1069.9,1069.92
2973,hand,1069.92,1070.15
2974,from,1070.15,1070.45
2975,something,1070.45,1070.94
2976,you,1070.94,1071.12
2977,do,1071.12,1071.24
2978,not,1071.24,1071.42
2979,describe,1071.42,1071.91
2980,in,1071.91,1072.03
2981,detail,1072.03,1072.65
2982,ed,1073.5,1073.58
2983,kn,1073.58,1073.61
2984,uckles,1073.61,1074.0
2985,from,1074.0,1074.13
2986,four,1074.13,1074.9
2987,decades,1074.9,1075.02
2988,of,1075.02,1075.15
2989,gri,1075.15,1075.35
2990,pping,1075.35,1075.68
2991,things,1075.68,1076.08
2992,hard,1076.08,1076.35
2993,in,1076.35,1076.54
2994,the,1076.54,1076.8
2995,cold,1076.8,1076.95
2996,bands,1078.08,1078.16
2997,know,1078.16,1078.42
2998,your,1078.42,1078.76
2999,name,1078.76,1079.13
3000,Not,1079.49,1079.63
3001,the,1079.63,1079.84
3002,way,1079.84,1080.07
3003,a,1080.07,1080.14
3004,man,1080.14,1080.37
3005,is,1080.37,1080.52
3006,known,1080.52,1080.91
3007,for,1080.91,1081.14
3008,a,1081.14,1081.21
3009,single,1081.21,1081.65
3010,event,1081.65,1082.23
3011,The,1082.46,1082.65
3012,way,1082.65,1082.91
3013,a,1082.91,1082.98
3014,specific,1082.98,1083.8
3015,ridge,1083.8,1084.21
3016,is,1084.21,1084.39
3017,known,1084.39,1084.85
3018,Or,1085.12,1085.3
3019,a,1085.3,1085.42
3020,reliable,1085.42,1086.53
3021,river,1086.53,1086.59
3022,crossing,1086.59,1087.33
3023,A,1088.7,1088.78
3024,feature,1088.78,1088.84
3025,of,1088.84,1089.13
3026,the,1089.13,1090.11
3027,world,1090.11,1090.34
3028,that,1090.34,1090.65
3029,people,1090.65,1091.1
3030,orient,1091.1,1091.56
3031,by,1091.56,1091.74
3032,When,1092.0,1092.24
3033,the,1092.24,1092.8
3034,bands,1092.8,1092.85
3035,gather,1092.85,1093.27
3036,and,1093.27,1093.43
3037,the,1093.43,1093.64
3038,talk,1093.64,1093.91
3039,turns,1093.91,1094.31
3040,to,1094.31,1094.58
3041,night,1094.58,1094.92
3042,To,1095.11,1095.2
3043,what,1095.2,1095.3
3044,lives,1095.3,1095.98
3045,in,1095.98,1096.0
3046,it,1096.0,1096.13
3047,To,1096.32,1096.45
3048,how,1096.45,1096.65
3049,to,1096.65,1096.78
3050,read,1096.78,1097.05
3051,an,1097.05,1097.18
3052,animal,1097.18,1097.62
3053,that,1097.62,1097.88
3054,is,1097.88,1097.98
3055,following,1097.98,1098.73
3056,you,1098.73,1098.86
3057,against,1098.86,1099.29
3058,one,1099.29,1099.48
3059,that,1099.48,1099.64
3060,only,1099.64,1099.87
3061,crossed,1099.87,1100.14
3062,your,1100.14,1100.3
3063,path,1100.3,1100.73
3064,People,1101.06,1101.25
3065,look,1101.25,1101.47
3066,toward,1101.47,1101.81
3067,where,1101.81,1102.09
3068,you,1102.09,1102.26
3069,are,1102.26,1102.43
3070,sitting,1102.43,1102.94
3071,Not,1103.04,1103.79
3072,because,1103.79,1104.04
3073,you,1104.04,1104.34
3074,stand,1104.34,1104.85
3075,and,1104.85,1105.33
3076,announce,1105.33,1105.36
3077,anything,1105.36,1105.89
3078,Because,1106.09,1106.76
3079,over,1106.76,1106.89
3080,enough,1106.89,1107.31
3081,years,1107.31,1107.58
3082,your,1107.58,1107.85
3083,name,1107.85,1108.12
3084,has,1108.12,1108.4
3085,attached,1108.4,1108.86
3086,to,1108.86,1108.98
3087,a,1108.98,1109.11
3088,kind,1109.11,1109.45
3089,of,1109.45,1109.52
3090,knowledge,1109.52,1110.06
3091,people,1110.06,1110.53
3092,understand,1110.53,1111.06
3093,is,1111.14,1111.27
3094,not,1111.27,1111.55
3095,easily,1111.55,1112.48
3096,replaced,1112.48,1113.11
3097,Young,1113.46,1113.76
3098,hunters,1113.76,1114.17
3099,from,1114.17,1114.41
3100,other,1114.41,1114.68
3101,bands,1114.68,1115.21
3102,sit,1115.21,1115.22
3103,near,1115.22,1115.48
3104,your,1115.48,1115.74
3105,fire,1115.74,1116.02
3106,and,1116.02,1116.19
3107,listen,1116.19,1116.58
3108,You,1117.02,1117.12
3109,know,1117.12,1117.67
3110,what,1117.67,1117.82
3111,they,1117.82,1118.08
3112,see,1118.08,1118.27
3113,The,1118.37,1118.48
3114,same,1118.48,1119.22
3115,thing,1119.22,1119.24
3116,you,1119.24,1119.45
3117,saw,1119.45,1119.61
3118,when,1119.61,1119.87
3119,you,1119.87,1120.06
3120,first,1120.06,1120.38
3121,looked,1120.38,1120.86
3122,at,1120.86,1120.89
3123,Der,1120.89,1121.12
3124,ret,1121.12,1121.27
3125,Pro,1121.43,1121.55
3126,of,1121.55,1121.97
3127,that,1121.97,1122.03
3128,surviving,1122.03,1122.61
3129,a,1122.61,1122.66
3130,long,1122.66,1123.01
3131,time,1123.01,1123.36
3132,is,1123.36,1123.5
3133,possible,1123.5,1124.06
3134,An,1124.24,1124.76
3135,answer,1124.76,1124.88
3136,to,1124.88,1124.97
3137,the,1124.97,1125.18
3138,question,1125.18,1125.73
3139,of,1125.73,1125.9
3140,whether,1125.9,1126.4
3141,you,1126.4,1126.66
3142,can,1126.66,1126.79
3143,face,1126.79,1127.1
3144,the,1127.1,1127.51
3145,night,1127.51,1127.63
3146,across,1127.63,1128.05
3147,a,1128.05,1128.12
3148,whole,1128.12,1128.47
3149,life,1128.47,1128.78
3150,without,1128.78,1129.2
3151,it,1129.2,1129.35
3152,eventually,1129.35,1130.6
3153,winning,1130.6,1130.63
3154,You,1130.85,1131.07
3155,tell,1131.07,1131.37
3156,them,1131.37,1131.67
3157,the,1131.67,1131.89
3158,full,1131.89,1132.24
3159,cost,1132.24,1132.5
3160,Same,1132.71,1132.93
3161,as,1132.93,1133.35
3162,you,1133.35,1133.38
3163,always,1133.38,1133.83
3164,do,1133.83,1133.98
3165,You,1134.2,1134.41
3166,tell,1134.41,1134.72
3167,them,1134.72,1135.16
3168,the,1135.16,1135.24
3169,calm,1135.24,1135.73
3170,they,1135.73,1135.86
3171,see,1135.94,1136.06
3172,was,1136.06,1136.26
3173,not,1136.26,1136.38
3174,always,1136.38,1137.19
3175,there,1137.19,1137.27
3176,You,1137.41,1137.58
3177,tell,1137.58,1137.84
3178,them,1137.84,1138.1
3179,about,1138.1,1138.43
3180,the,1138.43,1138.63
3181,dropped,1138.63,1139.16
3182,torch,1139.16,1139.42
3183,The,1139.6,1140.01
3184,three,1140.01,1140.14
3185,seconds,1140.14,1140.6
3186,in,1140.6,1140.73
3187,the,1140.73,1141.0
3188,forest,1141.0,1141.17
3189,The,1141.82,1141.9
3190,child,1141.9,1141.91
3191,you,1141.91,1142.12
3192,could,1142.12,1142.33
3193,not,1142.33,1142.49
3194,reach,1142.49,1143.19
3195,in,1143.19,1143.24
3196,time,1143.24,1143.47
3197,You,1143.68,1143.89
3198,tell,1143.89,1144.18
3199,them,1144.18,1144.45
3200,about,1144.45,1144.86
3201,the,1144.86,1145.12
3202,nights,1145.12,1145.39
3203,you,1145.39,1145.58
3204,got,1145.58,1145.97
3205,it,1145.97,1146.01
3206,right,1146.01,1146.48
3207,only,1146.48,1147.22
3208,because,1147.22,1147.6
3209,something,1147.6,1148.29
3210,in,1148.29,1148.32
3211,the,1148.32,1148.97
3212,dark,1148.97,1149.02
3213,chose,1149.02,1149.35
3214,to,1149.35,1149.55
3215,let,1149.55,1149.77
3216,you,1149.77,1149.96
3217,Most,1150.22,1150.76
3218,of,1150.76,1151.03
3219,them,1151.03,1151.75
3220,hear,1151.75,1152.17
3221,the,1152.17,1152.51
3222,strength,1152.51,1153.59
3223,Fear,1153.99,1154.6
3224,as,1154.6,1154.8
3225,a,1154.8,1154.99
3226,tool,1154.99,1155.47
3227,Slow,1155.94,1156.63
3228,as,1156.63,1156.99
3229,a,1156.99,1157.16
3230,weapon,1157.16,1157.35
3231,The,1157.7,1157.86
3232,body,1157.86,1158.16
3233,ahead,1158.16,1158.57
3234,of,1158.57,1158.98
3235,the,1158.98,1159.04
3236,mind,1159.04,1159.3
3237,They,1159.58,1159.85
3238,do,1159.85,1159.98
3239,not,1159.98,1160.18
3240,take,1160.18,1160.45
3241,in,1160.45,1160.66
3242,the,1160.66,1160.78
3243,losses,1160.78,1161.19
3244,the,1161.19,1161.35
3245,same,1161.35,1161.77
3246,way,1161.77,1161.86
3247,They,1162.19,1162.53
3248,are,1162.53,1162.81
3249,not,1162.81,1163.58
3250,for,1163.58,1163.8
3251,them,1163.8,1163.98
3252,yet,1163.98,1164.21
3253,You,1164.43,1164.66
3254,know,1164.66,1164.76
3255,this,1164.76,1165.4
3256,because,1165.4,1165.79
3257,you,1165.79,1166.02
3258,were,1166.02,1166.34
3259,not,1166.34,1166.55
3260,ready,1166.55,1167.02
3261,either,1167.02,1167.39
3262,Sitting,1167.61,1168.14
3263,at,1168.14,1168.29
3264,someone,1168.29,1168.82
3265,else,1168.82,1169.12
3266,'s,1169.12,1169.22
3267,fire,1169.22,1169.57
3268,at,1169.57,1169.94
3269,their,1169.94,1170.2
3270,age,1170.2,1170.44
3271,Being,1170.68,1170.83
3272,told,1170.83,1171.6
3273,the,1171.6,1171.65
3274,whole,1171.65,1172.06
3275,truth,1172.06,1172.47
3276,and,1172.47,1172.74
3277,only,1172.74,1173.03
3278,catching,1173.03,1173.68
3279,part,1173.68,1173.93
3280,of,1173.93,1174.32
3281,it,1174.32,1174.35
3282,The,1174.56,1174.8
3283,knowledge,1174.8,1175.5
3284,that,1175.5,1176.16
3285,comes,1176.16,1176.26
3286,from,1176.26,1176.58
3287,actual,1176.58,1177.18
3288,experience,1177.18,1177.7
3289,cannot,1177.7,1178.58
3290,be,1178.58,1178.62
3291,handed,1178.62,1179.13
3292,over,1179.13,1179.42
3293,by,1179.42,1179.58
3294,talking,1179.58,1180.22
3295,It,1180.48,1180.54
3296,has,1180.54,1180.78
3297,to,1180.78,1181.01
3298,grow,1181.01,1181.33
3299,inside,1181.33,1181.75
3300,the,1181.75,1181.98
3301,living,1181.98,1182.45
3302,of,1182.45,1182.78
3303,All,1183.14,1183.26
3304,you,1183.26,1183.5
3305,can,1183.5,1183.74
3306,do,1183.74,1184.18
3307,is,1184.18,1184.38
3308,be,1184.38,1184.58
3309,honest,1184.66,1184.99
3310,and,1184.99,1185.15
3311,let,1185.15,1185.24
3312,them,1185.24,1185.93
3313,take,1185.93,1186.0
3314,what,1186.0,1186.21
3315,they,1186.21,1186.53
3316,are,1186.53,1186.67
3317,able,1186.67,1186.94
3318,to,1186.94,1187.07
3319,carry,1187.07,1187.46
3320,right,1187.46,1187.88
3321,now,1187.88,1188.05
3322,Level,1189.76,1189.84
3323,10,1189.84,1190.54
3324,The,1190.54,1190.75
3325,one,1190.75,1190.96
3326,the,1190.96,1191.06
3327,fire,1191.06,1191.95
3328,remembers,1191.95,1192.17
3329,You,1192.33,1192.53
3330,are,1192.53,1192.74
3331,64,1192.74,1193.22
3332,The,1193.58,1193.9
3333,night,1193.9,1194.69
3334,runs,1194.69,1194.76
3335,belong,1194.76,1195.12
3336,to,1195.12,1195.22
3337,someone,1195.22,1195.58
3338,else,1195.58,1195.79
3339,now,1195.79,1195.92
3340,Your,1196.5,1196.74
3341,legs,1196.74,1197.07
3342,still,1197.07,1197.28
3343,work,1197.28,1197.6
3344,but,1197.6,1197.77
3345,your,1197.77,1197.99
3346,eyes,1197.99,1198.17
3347,have,1198.17,1198.26
3348,lost,1198.26,1198.65
3349,the,1198.65,1199.0
3350,edge,1199.0,1199.04
3351,of,1199.04,1199.15
3352,darkness,1199.15,1199.6
3353,precision,1199.6,1200.14
3354,that,1200.14,1200.33
3355,forward,1200.33,1200.72
3356,sc,1200.72,1200.9
3357,outing,1200.9,1201.17
3358,demands,1201.17,1201.75
3359,this,1202.68,1202.76
3360,without,1202.76,1203.08
3361,needing,1203.08,1203.75
3362,anyone,1203.75,1204.08
3363,to,1204.08,1204.13
3364,tell,1204.13,1204.41
3365,you,1204.41,1204.63
3366,Three,1204.88,1205.33
3367,win,1205.33,1205.6
3368,ters,1205.6,1205.98
3369,ago,1205.98,1206.23
3370,you,1206.23,1206.83
3371,stepped,1206.83,1207.25
3372,back,1207.25,1207.5
3373,from,1207.5,1207.89
3374,active,1207.89,1208.28
3375,perimeter,1208.36,1208.96
3376,work,1208.96,1209.06
3377,and,1209.06,1209.68
3378,gave,1209.68,1209.8
3379,it,1209.8,1209.93
3380,fully,1209.93,1210.31
3381,to,1210.31,1210.46
3382,F,1210.46,1210.53
3383,enn,1210.53,1210.75
3384,'s,1210.75,1210.9
3385,people,1210.9,1211.35
3386,who,1211.35,1211.58
3387,have,1211.58,1211.85
3388,by,1211.85,1212.01
3389,now,1212.01,1212.43
3390,become,1212.43,1212.69
3391,the,1212.69,1212.91
3392,ones,1212.91,1213.32
3393,teaching,1213.32,1213.59
3394,the,1213.59,1213.83
3395,people,1213.83,1214.1
3396,after,1214.1,1214.49
3397,them,1214.49,1214.8
3398,What,1214.97,1215.5
3399,you,1215.5,1215.62
3400,do,1215.62,1215.73
3401,now,1215.73,1215.95
3402,is,1215.95,1216.1
3403,harder,1216.1,1216.57
3404,to,1216.57,1216.72
3405,put,1216.72,1216.95
3406,a,1216.95,1217.03
3407,name,1217.03,1217.4
3408,to,1217.4,1217.49
3409,You,1217.88,1218.25
3410,sit,1218.25,1218.5
3411,at,1218.5,1218.72
3412,the,1218.72,1219.05
3413,center,1219.05,1220.06
3414,fire,1220.06,1220.17
3415,on,1220.17,1220.38
3416,long,1220.38,1221.1
3417,winter,1221.1,1221.16
3418,nights,1221.16,1221.5
3419,when,1221.5,1221.72
3420,the,1221.72,1221.89
3421,band,1221.89,1222.13
3422,is,1222.13,1222.56
3423,settled,1222.56,1222.69
3424,deep,1222.69,1222.87
3425,in,1222.87,1222.98
3426,the,1222.98,1223.15
3427,valley,1223.15,1223.49
3428,and,1223.49,1223.7
3429,the,1223.7,1223.83
3430,cold,1223.83,1224.06
3431,has,1224.06,1224.23
3432,pulled,1224.23,1224.57
3433,everything,1224.57,1225.31
3434,close,1225.31,1225.42
3435,Children,1225.71,1226.8
3436,gather,1226.8,1227.24
3437,near,1227.24,1227.52
3438,you,1227.52,1227.7
3439,Young,1228.2,1228.35
3440,hunters,1228.35,1228.86
3441,too,1228.86,1229.08
3442,new,1229.08,1229.34
3443,for,1229.34,1229.52
3444,real,1229.52,1229.84
3445,posts,1229.84,1230.18
3446,sit,1230.18,1230.39
3447,at,1230.39,1230.53
3448,the,1230.53,1230.95
3449,outer,1230.95,1231.13
3450,edge,1231.13,1231.42
3451,of,1231.42,1231.56
3452,your,1231.56,1231.85
3453,fire,1231.85,1232.11
3454,ring,1232.11,1232.76
3455,and,1232.76,1233.06
3456,listen,1233.06,1233.33
3457,to,1233.33,1233.54
3458,what,1233.62,1233.8
3459,you,1233.8,1233.99
3460,say,1233.99,1234.09
3461,in,1234.09,1234.31
3462,the,1234.31,1234.5
3463,dark,1234.5,1234.95
3464,hours,1234.95,1235.09
3465,You,1235.28,1235.49
3466,are,1235.49,1235.66
3467,not,1235.66,1235.85
3468,telling,1235.85,1236.31
3469,stories,1236.31,1236.84
3470,to,1236.84,1236.9
3471,fill,1236.9,1237.15
3472,time,1237.15,1237.69
3473,You,1237.72,1238.22
3474,are,1238.22,1238.71
3475,passing,1238.71,1239.41
3476,something,1239.41,1239.5
3477,describe,1240.6,1240.64
3478,what,1240.64,1240.68
3479,D,1240.68,1240.71
3480,ure,1240.71,1240.93
3481,tte,1240.93,1241.15
3482,'s,1241.15,1241.3
3483,hand,1241.3,1241.6
3484,felt,1241.6,1242.02
3485,like,1242.02,1242.23
3486,on,1242.23,1242.35
3487,your,1242.35,1242.65
3488,shoulder,1242.65,1243.28
3489,and,1243.28,1243.5
3490,what,1243.5,1243.9
3491,it,1243.9,1243.93
3492,meant,1243.93,1244.35
3493,You,1244.75,1244.99
3494,describe,1244.99,1246.19
3495,the,1246.19,1246.56
3496,three,1246.56,1246.68
3497,seconds,1246.68,1247.08
3498,in,1247.08,1247.18
3499,the,1247.18,1247.36
3500,forest,1247.36,1247.69
3501,with,1247.69,1248.08
3502,Yar,1248.08,1248.1
3503,row,1248.1,1248.26
3504,when,1248.26,1248.48
3505,something,1248.48,1248.99
3506,in,1248.99,1249.1
3507,the,1249.1,1249.27
3508,dark,1249.27,1249.49
3509,made,1249.49,1249.72
3510,a,1249.72,1249.76
3511,choice,1249.76,1250.1
3512,You,1250.29,1250.83
3513,describe,1250.83,1251.6
3514,the,1251.6,1251.88
3515,child,1251.88,1252.64
3516,you,1252.64,1252.72
3517,could,1252.72,1253.09
3518,not,1253.09,1253.3
3519,save,1253.3,1253.37
3520,and,1253.37,1254.11
3521,what,1254.11,1254.14
3522,you,1254.14,1254.33
3523,did,1254.33,1254.55
3524,in,1254.55,1254.69
3525,the,1254.69,1254.91
3526,weeks,1254.91,1255.28
3527,after,1255.28,1255.65
3528,and,1255.65,1255.87
3529,why,1255.87,1256.09
3530,you,1256.09,1256.29
3531,did,1256.29,1256.45
3532,not,1256.45,1256.87
3533,let,1256.87,1256.97
3534,that,1256.97,1257.29
3535,weight,1257.29,1257.69
3536,take,1257.69,1257.96
3537,the,1257.96,1258.6
3538,work,1258.6,1258.68
3539,from,1258.68,1258.82
3540,you,1258.9,1259.04
3541,You,1259.26,1259.37
3542,describe,1259.37,1260.22
3543,the,1260.22,1260.35
3544,look,1260.35,1260.6
3545,on,1260.6,1260.77
3546,F,1260.77,1260.82
3547,enn,1260.82,1261.04
3548,'s,1261.04,1261.19
3549,face,1261.19,1261.49
3550,the,1261.49,1261.71
3551,first,1261.71,1262.12
3552,time,1262.12,1262.38
3553,slowing,1262.38,1262.97
3554,his,1262.97,1263.12
3555,feet,1263.12,1263.42
3556,made,1263.42,1263.72
3557,a,1263.72,1263.79
3558,difference,1263.79,1264.78
3559,could,1264.78,1264.96
3560,feel,1264.96,1265.3
3561,in,1265.3,1265.46
3562,his,1265.46,1265.71
3563,whole,1265.71,1265.85
3564,body,1265.85,1266.7
3565,You,1266.72,1266.95
3566,tell,1266.95,1267.28
3567,them,1267.28,1267.61
3568,the,1267.61,1267.86
3569,dark,1267.86,1268.19
3570,cannot,1268.19,1268.69
3571,be,1268.69,1268.85
3572,finished,1268.85,1269.51
3573,It,1269.87,1269.92
3574,comes,1269.92,1270.29
3575,back,1270.29,1270.61
3576,every,1270.61,1271.26
3577,night,1271.26,1271.48
3578,the,1271.48,1271.73
3579,same,1271.73,1272.3
3580,as,1272.3,1272.32
3581,it,1272.32,1272.42
3582,always,1272.42,1272.88
3583,has,1272.88,1273.11
3584,and,1273.11,1273.3
3585,it,1273.3,1273.83
3586,expects,1273.83,1274.03
3587,the,1274.03,1274.25
3588,same,1274.25,1274.59
3589,quality,1274.59,1275.08
3590,of,1275.08,1275.23
3591,attention,1275.23,1275.92
3592,on,1275.92,1276.04
3593,the,1276.04,1276.57
3594,thousand,1276.57,1276.99
3595,th,1276.99,1277.06
3596,night,1277.06,1277.44
3597,as,1277.44,1277.59
3598,it,1277.59,1277.73
3599,did,1277.73,1277.95
3600,on,1277.95,1278.34
3601,the,1278.34,1278.38
3602,first,1278.38,1278.51
3603,You,1279.84,1279.96
3604,tell,1279.96,1280.23
3605,them,1280.23,1280.49
3606,the,1280.49,1280.67
3607,fire,1280.67,1281.1
3608,is,1281.1,1281.17
3609,the,1281.17,1281.31
3610,line,1281.31,1281.57
3611,and,1281.57,1281.77
3612,they,1281.77,1282.04
3613,are,1282.04,1282.24
3614,the,1282.24,1282.44
3615,ones,1282.44,1282.8
3616,responsible,1282.8,1283.52
3617,for,1283.52,1283.91
3618,keeping,1283.91,1284.14
3619,it,1284.14,1284.33
3620,fed,1284.33,1284.47
3621,in,1285.48,1285.56
3622,the,1285.56,1285.57
3623,warmth,1285.57,1285.98
3624,of,1285.98,1286.03
3625,a,1286.03,1286.2
3626,hear,1286.2,1286.47
3627,th,1286.47,1286.88
3628,your,1286.88,1286.9
3629,family,1286.9,1287.32
3630,has,1287.32,1287.53
3631,tended,1287.53,1287.95
3632,across,1287.95,1288.52
3633,more,1288.52,1288.78
3634,seasons,1288.78,1289.22
3635,than,1289.22,1289.63
3636,you,1289.63,1289.65
3637,can,1289.65,1289.85
3638,count,1289.85,1290.2
3639,and,1290.2,1290.36
3640,you,1290.36,1290.52
3641,listen,1290.52,1290.71
3642,to,1290.71,1290.96
3643,the,1290.96,1291.11
3644,night,1291.11,1291.56
3645,the,1291.56,1291.61
3646,way,1291.61,1291.73
3647,you,1291.73,1291.88
3648,have,1291.88,1292.15
3649,listened,1292.15,1292.56
3650,to,1292.56,1292.66
3651,it,1292.66,1292.77
3652,for,1292.77,1292.93
3653,50,1292.93,1293.26
3654,years,1293.26,1293.54
3655,You,1293.81,1294.35
3656,still,1294.35,1294.78
3657,catch,1294.78,1295.39
3658,the,1295.39,1295.58
3659,interrupt,1295.58,1296.1
3660,ions,1296.1,1296.32
3661,You,1296.49,1296.95
3662,still,1296.95,1297.0
3663,feel,1297.0,1297.19
3664,when,1297.19,1297.41
3665,the,1297.41,1297.58
3666,air,1297.58,1297.75
3667,outside,1297.75,1298.15
3668,the,1298.15,1298.32
3669,camp,1298.32,1298.62
3670,shifts,1298.62,1298.89
3671,in,1298.89,1299.0
3672,a,1299.0,1299.05
3673,certain,1299.05,1299.32
3674,way,1299.32,1299.73
3675,The,1300.94,1301.09
3676,knowledge,1301.09,1301.38
3677,has,1301.38,1302.24
3678,not,1302.24,1302.28
3679,left,1302.28,1302.54
3680,you,1302.54,1302.81
3681,It,1303.03,1303.22
3682,lives,1303.22,1303.7
3683,in,1303.7,1303.9
3684,a,1303.9,1303.99
3685,different,1303.99,1305.01
3686,place,1305.01,1305.43
3687,now,1305.43,1305.66
3688,the,1305.9,1306.1
3689,place,1306.1,1306.45
3690,a,1306.45,1306.82
3691,thing,1306.82,1306.88
3692,moves,1306.88,1307.26
3693,to,1307.26,1307.38
3694,when,1307.38,1307.63
3695,it,1307.63,1307.75
3696,stops,1307.75,1307.88
3697,being,1307.88,1308.68
3698,something,1308.68,1308.94
3699,you,1308.94,1309.13
3700,do,1309.13,1309.25
3701,and,1309.25,1309.44
3702,becomes,1309.44,1309.88
3703,something,1309.88,1310.56
3704,you,1310.56,1310.64
3705,simply,1310.64,1310.99
3706,are,1310.99,1311.41
3707,youngest,1312.78,1312.86
3708,scout,1312.86,1313.18
3709,a,1313.36,1313.41
3710,girl,1313.41,1313.8
3711,of,1313.8,1314.2
3712,15,1314.2,1314.54
3713,sits,1314.73,1315.08
3714,just,1315.08,1315.44
3715,past,1315.44,1315.82
3716,her,1315.82,1316.08
3717,fire,1316.08,1316.4
3718,light,1316.4,1316.93
3719,on,1316.93,1317.06
3720,a,1317.06,1317.15
3721,clear,1317.15,1317.6
3722,cold,1317.6,1317.95
3723,night,1317.95,1318.54
3724,watching,1318.54,1319.05
3725,the,1319.05,1319.21
3726,tree,1319.21,1319.95
3727,line,1319.95,1320.09
3728,Back,1320.33,1320.66
3729,straight,1320.66,1321.31
3730,but,1321.31,1321.58
3731,not,1321.58,1321.84
3732,locked,1321.84,1322.28
3733,Wait,1322.69,1323.17
3734,even,1323.17,1323.69
3735,Eyes,1324.5,1324.72
3736,moving,1324.72,1325.54
3737,in,1325.54,1325.72
3738,a,1325.72,1325.93
3739,slow,1325.93,1326.35
3740,sweep,1326.35,1326.8
3741,rather,1326.88,1327.28
3742,than,1327.28,1327.41
3743,fixed,1327.41,1328.16
3744,on,1328.16,1328.22
3745,one,1328.22,1328.43
3746,point,1328.43,1328.8
3747,One,1329.04,1329.28
3748,hand,1329.28,1329.6
3749,loose,1329.6,1330.1
3750,on,1330.1,1330.16
3751,her,1330.16,1330.4
3752,spear,1330.4,1330.95
3753,shaft,1330.95,1331.2
3754,You,1331.5,1331.84
3755,watch,1331.84,1332.75
3756,her,1332.75,1332.76
3757,for,1332.76,1333.1
3758,a,1333.1,1333.18
3759,long,1333.18,1333.5
3760,time,1333.5,1333.88
3761,without,1333.88,1334.38
3762,making,1334.38,1334.83
3763,a,1334.83,1335.28
3764,sound,1335.28,1335.31
3765,She,1335.53,1335.75
3766,does,1335.75,1336.05
3767,not,1336.05,1336.27
3768,know,1336.27,1336.57
3769,you,1336.57,1336.79
3770,are,1336.79,1337.01
3771,watching,1337.01,1337.62
3772,She,1338.03,1338.05
3773,is,1338.05,1338.2
3774,entirely,1338.2,1338.8
3775,in,1338.8,1338.95
3776,her,1338.95,1339.12
3777,work,1339.12,1339.82
3778,doing,1340.66,1340.74
3779,the,1340.74,1340.82
3780,thing,1340.82,1341.21
3781,that,1341.21,1341.73
3782,cannot,1341.73,1342.07
3783,be,1342.07,1342.21
3784,scratched,1342.21,1342.85
3785,into,1342.85,1343.2
3786,bone,1343.2,1343.47
3787,or,1343.47,1343.7
3788,pressed,1343.7,1344.17
3789,into,1344.17,1344.81
3790,clay,1344.81,1344.88
3791,or,1344.88,1345.03
3792,passed,1345.03,1345.5
3793,through,1345.5,1346.06
3794,any,1346.06,1346.27
3795,medium,1346.27,1346.56
3796,other,1346.56,1347.41
3797,than,1347.41,1347.48
3798,one,1347.48,1347.63
3799,watching,1347.63,1348.24
3800,body,1348.24,1348.54
3801,alongside,1348.54,1349.22
3802,another,1349.22,1350.21
3803,watching,1350.21,1350.36
3804,body,1350.36,1350.66
3805,repeated,1350.88,1352.02
3806,across,1352.02,1352.14
3807,more,1352.14,1352.59
3808,generations,1352.59,1353.02
3809,than,1353.1,1353.25
3810,anyone,1353.25,1353.6
3811,alive,1353.6,1353.66
3812,can,1353.66,1354.35
3813,count,1354.35,1354.43
3814,She,1354.57,1355.07
3815,will,1355.07,1355.75
3816,teach,1355.75,1356.59
3817,the,1356.59,1356.75
3818,one,1356.75,1357.17
3819,after,1357.17,1357.32
3820,her,1357.32,1357.59
3821,That,1357.72,1358.03
3822,one,1358.03,1358.23
3823,will,1358.23,1358.96
3824,teach,1358.96,1358.98
3825,the,1358.98,1359.19
3826,next,1359.19,1359.55
3827,The,1360.66,1360.74
3828,knowledge,1360.74,1360.8
3829,traveling,1360.8,1361.18
3830,the,1361.18,1362.06
3831,only,1362.06,1362.19
3832,way,1362.19,1362.41
3833,it,1362.41,1362.61
3834,has,1362.61,1362.83
3835,ever,1362.83,1363.2
3836,traveled,1363.2,1363.96
3837,through,1364.01,1364.4
3838,the,1364.4,1364.81
3839,living,1364.81,1364.89
3840,night,1365.02,1365.35
3841,after,1365.35,1365.64
3842,night,1365.64,1365.97
3843,the,1366.78,1366.86
3844,line,1366.86,1367.07
3845,where,1367.07,1367.29
3846,fire,1367.29,1368.13
3847,light,1368.13,1368.2
3848,ends,1368.2,1368.43
3849,and,1368.43,1368.73
3850,the,1368.73,1368.89
3851,dark,1368.89,1369.19
3852,begins,1369.19,1369.65
3853,Somewhere,1371.22,1371.3
3854,right,1371.3,1371.67
3855,now,1371.67,1371.77
3856,a,1372.3,1372.61
3857,child,1372.61,1372.63
3858,is,1372.63,1372.75
3859,pressed,1372.75,1373.08
3860,against,1373.08,1373.45
3861,their,1373.45,1373.71
3862,mother,1373.71,1374.02
3863,'s,1374.02,1374.12
3864,side,1374.12,1374.33
3865,There,1375.18,1375.43
3866,is,1375.43,1375.56
3867,a,1375.56,1375.61
3868,sound,1375.61,1375.73
3869,from,1375.73,1376.51
3870,outside,1376.51,1376.67
3871,The,1376.9,1377.14
3872,child,1377.14,1377.53
3873,has,1377.53,1377.77
3874,no,1377.77,1377.93
3875,word,1377.93,1378.24
3876,for,1378.24,1378.48
3877,what,1378.48,1378.85
3878,they,1378.85,1379.25
3879,feel,1379.25,1379.41
3880,tight,1380.44,1380.52
3881,ness,1380.52,1380.65
3882,in,1380.65,1380.81
3883,the,1380.81,1380.95
3884,chest,1380.95,1381.45
3885,The,1381.84,1381.99
3886,sudden,1381.99,1382.39
3887,total,1382.54,1382.92
3888,attention,1382.92,1383.61
3889,The,1383.86,1384.59
3890,understanding,1384.59,1385.13
3891,arriving,1385.29,1386.4
3892,without,1386.4,1386.44
3893,explanation,1386.44,1387.21
3894,that,1387.35,1387.84
3895,the,1387.84,1387.86
3896,space,1387.86,1388.19
3897,past,1388.19,1388.47
3898,the,1388.47,1388.68
3899,fire,1388.68,1388.98
3900,light,1388.98,1389.31
3901,is,1389.31,1389.48
3902,not,1389.48,1389.74
3903,empty,1389.74,1390.01
3904,That,1390.59,1390.63
3905,child,1390.63,1391.09
3906,will,1391.09,1391.42
3907,learn,1391.42,1391.96
3908,They,1392.4,1392.71
3909,will,1392.71,1393.44
3910,learn,1393.44,1393.6
3911,what,1393.6,1393.88
3912,the,1393.88,1394.09
3913,sounds,1394.09,1394.23
3914,mean,1394.23,1395.0
3915,They,1395.02,1395.28
3916,will,1395.28,1395.56
3917,learn,1395.56,1395.91
3918,to,1395.91,1396.05
3919,slow,1396.05,1396.33
3920,their,1396.33,1396.68
3921,feet,1396.68,1396.96
3922,One,1397.17,1397.75
3923,day,1397.75,1397.84
3924,they,1397.84,1398.28
3925,will,1398.28,1398.72
3926,sit,1398.72,1399.16
3927,a,1399.16,1399.56
3928,cold,1399.56,1399.6
3929,post,1399.6,1400.1
3930,with,1400.1,1400.6
3931,their,1400.6,1400.64
3932,back,1400.72,1400.88
3933,to,1400.88,1401.0
3934,the,1401.0,1401.17
3935,fire,1401.17,1401.27
3936,and,1401.27,1401.6
3937,their,1401.6,1402.04
3938,face,1402.04,1402.17
3939,toward,1402.17,1402.51
3940,the,1402.51,1402.69
3941,dark,1402.69,1402.93
3942,They,1403.18,1403.55
3943,will,1403.55,1403.94
3944,carry,1403.94,1404.38
3945,a,1404.38,1404.79
3946,torch,1404.79,1404.93
3947,in,1404.93,1405.21
3948,both,1405.21,1405.48
3949,hands,1405.48,1405.93
3950,and,1405.93,1406.6
3951,guard,1406.6,1406.74
3952,it,1406.74,1406.86
3953,with,1406.86,1407.0
3954,their,1407.0,1407.31
3955,body,1407.31,1407.54
3956,against,1407.54,1407.64
3957,the,1407.64,1408.4
3958,wind,1408.4,1408.44
3959,They,1408.63,1408.95
3960,will,1408.95,1409.17
3961,spend,1409.17,1409.44
3962,a,1409.44,1409.54
3963,whole,1409.54,1409.81
3964,life,1409.81,1410.06
3965,finding,1410.06,1410.5
3966,out,1410.5,1410.76
3967,what,1410.76,1411.13
3968,the,1411.13,1411.15
3969,night,1411.15,1411.57
3970,holds,1411.57,1411.75
3971,They,1412.92,1413.0
3972,have,1413.0,1413.38
3973,They,1413.66,1414.34
3974,always,1414.34,1414.63
3975,will,1414.63,1415.01
3976,The,1415.34,1415.62
3977,dark,1415.62,1416.0
3978,does,1416.0,1416.38
3979,not,1416.38,1417.07
3980,change,1417.07,1417.23
3981,Only,1417.51,1417.89
3982,the,1417.89,1418.13
3983,ones,1418.13,1418.83
3984,who,1418.83,1418.88
3985,learn,1418.88,1419.3
3986,to,1419.3,1419.48
3987,face,1419.48,1419.92
3988,it,1419.92,1420.06
