(Index),idx,text,startSec,endSec,durationSec,gapToPrevSec,nearestSilenceEndSec,smearSec
0,0,S,0.12,0.24,0.12,,,
1,1,illa,0.24,0.64,0.4,0,,
2,2,S,0.84,0.92,0.08,0.2,1.42,-0.58
3,3,illa,0.92,1.21,0.29,0,1.42,-0.5
4,4,es,1.21,1.42,0.21,0,1.42,-0.21
5,5,un,1.42,1.5,0.08,0,1.42,0
6,6,mon,1.5,1.7,0.2,0,1.42,0.08
7,7,stru,1.7,1.99,0.29,0,1.42,0.28
8,8,o,1.99,2.06,0.07,0,1.42,0.57
9,9,que,2.06,2.27,0.21,0,1.42,0.64
10,10,vive,2.27,2.6,0.33,0,1.42,0.85
11,11,dentro,2.6,2.99,0.39,0,1.42,1.18
12,12,de,2.99,3.13,0.14,0,1.42,1.57
13,13,un,3.13,3.34,0.21,0,1.42,1.71
14,14,ac,3.34,3.48,0.14,0,1.42,1.92
15,15,ant,3.48,3.7,0.22,0,1.42,2.06
16,16,il,3.7,3.84,0.14,0,1.42,2.28
17,17,ado,3.84,4.12,0.28,0,1.42,2.42
18,18,junto,4.12,4.43,0.31,0,1.42,2.7
19,19,a,4.43,4.5,0.07,0,1.42,3.01
20,20,un,4.5,4.68,0.18,0,1.42,3.08
21,21,estre,4.68,4.94,0.26,0,1.42,3.26
22,22,cho,4.94,5.09,0.15,0,1.42,3.52
23,23,paso,5.09,5.25,0.16,0,1.42,3.67
24,24,mar,5.25,5.37,0.12,0,1.42,3.83
25,25,ít,5.37,5.49,0.12,0,1.42,3.95
26,26,imo,5.49,5.6,0.11,0,1.42,4.07
27,27,iene,6.32,6.35,0.03,0.72,6.3,0.02
28,28,6,6.35,6.42,0.07,0,6.3,0.05
29,29,c,6.42,6.56,0.14,0,6.3,0.12
30,30,uell,6.56,6.72,0.16,0,6.3,0.26
31,31,os,6.72,6.86,0.14,0,6.3,0.42
32,32,larg,6.86,7.16,0.3,0,6.3,0.56
33,33,os,7.16,7.32,0.16,0,6.3,0.86
34,34,6,7.55,7.74,0.19,0.23,6.3,1.25
35,35,cab,7.74,7.91,0.17,0,6.3,1.44
36,36,ez,7.91,8.06,0.15,0,6.3,1.61
37,37,as,8.06,8.24,0.18,0,6.3,1.76
38,38,3,8.37,8.58,0.21,0.13,6.3,2.07
39,39,h,8.58,8.65,0.07,0,6.3,2.28
40,40,iler,8.65,8.95,0.3,0,6.3,2.35
41,41,as,8.95,9.1,0.15,0,6.3,2.65
42,42,de,9.1,9.25,0.15,0,6.3,2.8
43,43,di,9.25,9.4,0.15,0,6.3,2.95
44,44,entes,9.4,9.78,0.38,0,6.3,3.1
45,45,en,9.78,9.93,0.15,0,6.3,3.48
46,46,cada,9.93,10.23,0.3,0,6.3,3.63
47,47,boca,10.23,10.53,0.3,0,6.3,3.93
48,48,y,10.53,10.63,0.1,0,6.3,4.23
49,49,12,10.63,11.13,0.5,0,10.92,-0.29
50,50,pat,11.13,11.27,0.14,0,10.92,0.21
51,51,as,11.27,11.42,0.15,0,10.92,0.35
52,52,deb,11.42,11.64,0.22,0,10.92,0.5
53,53,ajo,11.64,11.88,0.24,0,10.92,0.72
54,54,de,11.88,12.3,0.42,0,10.92,0.96
55,55,cuerpo,12.3,12.7,0.4,0,13.12,-0.82
56,56,Su,12.89,13.01,0.12,0.19,13.12,-0.23
57,57,ataque,13.01,13.41,0.4,0,13.12,-0.11
58,58,es,13.41,13.72,0.31,0,13.12,0.29
59,59,sencill,13.72,14.01,0.29,0,13.12,0.6
60,60,o,14.01,14.07,0.06,0,13.12,0.89
61,61,Cuando,14.26,14.66,0.4,0.19,14.92,-0.66
62,62,un,14.66,14.79,0.13,0,14.92,-0.26
63,63,bar,14.79,14.99,0.2,0,14.92,-0.13
64,64,co,14.99,15.12,0.13,0,14.92,0.07
65,65,pasa,15.12,15.38,0.26,0,14.92,0.2
66,66,lo,15.38,15.51,0.13,0,14.92,0.46
67,67,su,15.51,15.64,0.13,0,14.92,0.59
68,68,fic,15.64,15.83,0.19,0,14.92,0.72
69,69,ient,15.83,16.09,0.26,0,14.92,0.91
70,70,emente,16.09,16.48,0.39,0,14.92,1.17
71,71,cerca,16.48,16.81,0.33,0,14.92,1.56
72,72,las,17.11,17.31,0.2,0.3,17.42,-0.31
73,73,6,17.31,17.58,0.27,0,17.42,-0.11
74,74,cab,17.58,17.87,0.29,0,17.42,0.16
75,75,ez,17.87,18.03,0.16,0,17.42,0.45
76,76,as,18.03,18.27,0.24,0,17.42,0.61
77,77,se,18.27,18.46,0.19,0,17.42,0.85
78,78,mue,18.46,18.7,0.24,0,17.42,1.04
79,79,ven,18.7,18.88,0.18,0,17.42,1.28
80,80,al,18.88,19.01,0.13,0,17.42,1.46
81,81,mismo,19.01,19.37,0.36,0,17.42,1.59
82,82,tiempo,19.37,19.88,0.51,0,20.16,-0.79
83,83,Cada,20.02,20.38,0.36,0.14,20.16,-0.14
84,84,cabeza,20.38,20.73,0.35,0,20.16,0.22
85,85,at,20.73,20.89,0.16,0,20.16,0.57
86,86,rap,20.89,21.08,0.19,0,20.16,0.73
87,87,a,21.08,21.15,0.07,0,20.16,0.92
88,88,a,21.15,21.22,0.07,0,20.16,0.99
89,89,un,21.22,21.36,0.14,0,20.16,1.06
90,90,marin,21.36,21.72,0.36,0,20.16,1.2
91,91,ero,21.72,21.93,0.21,0,20.16,1.56
92,92,de,21.93,22.07,0.14,0,20.16,1.77
93,93,la,22.07,22.21,0.14,0,20.16,1.91
94,94,cub,22.21,22.58,0.37,0,20.16,2.05
95,95,ier,22.58,22.63,0.05,0,20.16,2.42
96,96,ta,22.63,22.77,0.14,0,23.28,-0.65
97,97,6,22.98,23.27,0.29,0.21,23.28,-0.3
98,98,cab,23.27,23.4,0.13,0,23.28,-0.01
99,99,ez,23.4,23.55,0.15,0,23.28,0.12
100,100,as,23.55,23.67,0.12,0,23.28,0.27
101,101,signific,23.67,24.2,0.53,0,23.28,0.39
102,102,an,24.2,24.77,0.57,0,23.28,0.92
103,103,6,24.77,24.84,0.07,0,23.28,1.49
104,104,mar,25.03,25.08,0.05,0.19,23.28,1.75
105,105,iner,25.08,25.35,0.27,0,23.28,1.8
106,106,os,25.35,25.48,0.13,0,23.28,2.07
107,107,que,25.48,26.26,0.78,0,23.28,2.2
108,108,desapare,26.26,26.34,0.08,0,23.28,2.98
109,109,cen,26.34,26.5,0.16,0,23.28,3.06
110,110,en,26.5,26.64,0.14,0,23.28,3.22
111,111,un,26.64,26.78,0.14,0,23.28,3.36
112,112,solo,26.78,27.07,0.29,0,23.28,3.5
113,113,ataque,27.07,27.51,0.44,0,27.96,-0.89
114,114,El,27.72,27.86,0.14,0.21,27.96,-0.24
115,115,det,27.86,28.08,0.22,0,27.96,-0.1
116,116,alle,28.08,28.37,0.29,0,27.96,0.12
117,117,importante,28.37,29.1,0.73,0,27.96,0.41
118,118,es,29.1,29.24,0.14,0,27.96,1.14
119,119,que,29.24,29.46,0.22,0,27.96,1.28
120,120,S,29.46,29.53,0.07,0,27.96,1.5
121,121,illa,29.53,29.82,0.29,0,27.96,1.57
122,122,no,29.82,29.96,0.14,0,27.96,1.86
123,123,pers,29.96,30.25,0.29,0,27.96,2
124,124,igue,30.25,30.63,0.38,0,27.96,2.29
125,125,a,30.63,30.77,0.14,0,27.96,2.67
126,126,los,30.77,30.88,0.11,0,27.96,2.81
127,127,bar,30.88,31.12,0.24,0,27.96,2.92
128,128,cos,31.12,31.26,0.14,0,27.96,3.16
129,129,en,31.26,31.38,0.12,0,27.96,3.3
130,130,mar,31.38,31.55,0.17,0,27.96,3.42
131,131,ab,31.55,31.68,0.13,0,27.96,3.59
132,132,ierto,31.68,32,0.32,0,27.96,3.72
133,133,Se,32.3,32.38,0.08,0.3,32.34,-0.04
134,134,mant,32.38,32.56,0.18,0,32.34,0.04
135,135,iene,32.56,32.81,0.25,0,32.34,0.22
136,136,cerca,32.81,33.12,0.31,0,32.34,0.47
137,137,del,33.12,33.3,0.18,0,32.34,0.78
138,138,ac,33.3,33.48,0.18,0,32.34,0.96
139,139,ant,33.48,33.62,0.14,0,32.34,1.14
140,140,il,33.62,33.74,0.12,0,32.34,1.28
141,141,ado,33.74,33.94,0.2,0,32.34,1.4
142,142,Eso,34.12,34.33,0.21,0.18,34.46,-0.34
143,143,significa,34.33,35,0.67,0,34.46,-0.13
144,144,que,35,35.07,0.07,0,34.46,0.54
145,145,la,35.07,35.19,0.12,0,34.46,0.61
146,146,estr,35.19,35.44,0.25,0,34.46,0.73
147,147,ateg,35.44,35.69,0.25,0,34.46,0.98
148,148,ia,35.69,35.97,0.28,0,34.46,1.23
149,149,más,35.97,36.1,0.13,0,34.46,1.51
150,150,seg,36.1,36.34,0.24,0,34.46,1.64
151,151,ura,36.34,36.46,0.12,0,34.46,1.88
152,152,no,36.46,36.58,0.12,0,34.46,2
153,153,es,36.58,36.7,0.12,0,34.46,2.12
154,154,l,36.7,36.76,0.06,0,34.46,2.24
155,155,uchar,36.76,37.06,0.3,0,34.46,2.3
156,156,contra,37.06,37.52,0.46,0,34.46,2.6
157,157,ella,37.52,37.69,0.17,0,34.46,3.06
158,158,sino,37.81,38.06,0.25,0.12,34.46,3.35
159,159,seguir,38.06,38.43,0.37,0,34.46,3.6
160,160,mov,38.43,38.61,0.18,0,34.46,3.97
161,161,i,38.61,38.7,0.09,0,34.46,4.15
162,162,énd,38.7,38.91,0.21,0,34.46,4.24
163,163,ose,38.91,39.09,0.18,0,34.46,4.45
164,164,antes,39.09,39.4,0.31,0,34.46,4.63
165,165,de,39.4,39.55,0.15,0,34.46,4.94
166,166,que,39.55,39.7,0.15,0,34.46,5.09
167,167,pueda,39.7,40.01,0.31,0,34.46,5.24
168,168,atac,40.01,40.26,0.25,0,34.46,5.55
169,169,ar,40.26,40.41,0.15,0,34.46,5.8
170,170,de,40.41,40.5,0.09,0,34.46,5.95
171,171,nuevo,40.5,40.81,0.31,0,34.46,6.04
172,172,es,41.74,41.98,0.24,0.93,41.74,0
173,173,advert,41.98,42.14,0.16,0,41.74,0.24
174,174,ido,42.14,42.36,0.22,0,41.74,0.4
175,175,sobre,42.36,42.73,0.37,0,41.74,0.62
176,176,esto,42.73,43.17,0.44,0,41.74,0.99
177,177,antes,43.17,43.42,0.25,0,41.74,1.43
178,178,de,43.42,43.66,0.24,0,41.74,1.68
179,179,llegar,43.66,44.02,0.36,0,41.74,1.92
180,180,al,44.02,44.16,0.14,0,41.74,2.28
181,181,p,44.16,44.24,0.08,0,41.74,2.42
182,182,so,44.24,44.39,0.15,0,41.74,2.5
183,183,e,44.39,44.46,0.07,0,41.74,2.65
184,184,A,44.68,44.75,0.07,0.22,45.28,-0.6
185,185,ún,44.75,44.97,0.22,0,45.28,-0.53
186,186,así,44.97,45.27,0.3,0,45.28,-0.31
187,187,prepar,45.42,45.87,0.45,0.15,45.28,0.14
188,188,a,45.87,45.94,0.07,0,45.28,0.59
189,189,sus,45.94,46.16,0.22,0,45.28,0.66
190,190,armas,46.16,46.55,0.39,0,45.28,0.88
191,191,pero,46.83,47.15,0.32,0.28,47.22,-0.39
192,192,result,47.15,47.68,0.53,0,47.22,-0.07
193,193,an,47.68,47.86,0.18,0,47.22,0.46
194,194,in,47.86,48.1,0.24,0,47.22,0.64
195,195,út,48.1,48.21,0.11,0,47.22,0.88
196,196,iles,48.21,48.48,0.27,0,47.22,0.99
197,197,S,48.7,48.77,0.07,0.22,48.86,-0.16
198,198,illa,48.77,49.05,0.28,0,48.86,-0.09
199,199,se,49.05,49.29,0.24,0,48.86,0.19
200,200,lleva,49.29,49.54,0.25,0,48.86,0.43
201,201,a,49.54,49.61,0.07,0,48.86,0.68
202,202,6,49.61,49.82,0.21,0,48.86,0.75
203,203,de,49.82,49.96,0.14,0,48.86,0.96
204,204,sus,49.96,50.17,0.21,0,48.86,1.1
205,205,hombres,50.17,50.67,0.5,0,48.86,1.31
206,206,mientras,50.67,51.24,0.57,0,48.86,1.81
207,207,el,51.24,51.38,0.14,0,48.86,2.38
208,208,bar,51.38,51.59,0.21,0,48.86,2.52
209,209,co,51.59,51.73,0.14,0,48.86,2.73
210,210,contin,51.73,52.17,0.44,0,48.86,2.87
211,211,úa,52.17,52.37,0.2,0,48.86,3.31
212,212,su,52.37,52.51,0.14,0,48.86,3.51
213,213,march,52.51,52.86,0.35,0,53.36,-0.85
214,214,a,52.86,52.95,0.09,0,53.36,-0.5
215,215,Det,53.14,53.35,0.21,0.19,53.36,-0.22
216,216,ener,53.35,53.62,0.27,0,53.36,-0.01
217,217,se,53.62,54.09,0.47,0,53.36,0.26
218,218,solo,54.09,54.17,0.08,0,53.36,0.73
219,219,le,54.17,54.28,0.11,0,53.36,0.81
220,220,dar,54.47,54.52,0.05,0.19,53.36,1.11
221,221,ía,54.52,54.68,0.16,0,53.36,1.16
222,222,otra,54.68,54.94,0.26,0,53.36,1.32
223,223,oportunidad,54.94,55.78,0.84,0,56.12,-1.18
224,224,S,55.91,55.98,0.07,0.13,56.12,-0.21
225,225,illa,55.98,56.25,0.27,0,56.12,-0.14
226,226,también,56.25,56.8,0.55,0,56.12,0.13
227,227,comp,56.8,57.07,0.27,0,56.12,0.68
228,228,arte,57.07,57.34,0.27,0,56.12,0.95
229,229,el,57.34,57.48,0.14,0,56.12,1.22
230,230,paso,57.48,57.75,0.27,0,56.12,1.36
231,231,con,57.75,57.95,0.2,0,56.12,1.63
232,232,Carib,57.95,58.4,0.45,0,56.12,1.83
233,233,dis,58.4,58.49,0.09,0,56.12,2.28
234,234,un,58.62,58.76,0.14,0.13,58.9,-0.28
235,235,rem,58.76,58.96,0.2,0,58.9,-0.14
236,236,ol,58.96,59.09,0.13,0,58.9,0.06
237,237,ino,59.09,59.29,0.2,0,58.9,0.19
238,238,gig,59.29,59.49,0.2,0,58.9,0.39
239,239,ante,59.49,59.93,0.44,0,58.9,0.59
240,240,en,59.93,60.28,0.35,0,58.9,1.03
241,241,lado,60.28,60.46,0.18,0,58.9,1.38
242,242,op,60.46,60.7,0.24,0,58.9,1.56
243,243,uesto,60.7,60.91,0.21,0,58.9,1.8
244,244,por,61.03,61.25,0.22,0.12,61.36,-0.33
245,245,lo,61.25,61.35,0.1,0,61.36,-0.11
246,246,que,61.35,61.54,0.19,0,61.36,-0.01
247,247,la,61.54,61.88,0.34,0,61.36,0.18
248,248,trip,61.88,61.94,0.06,0,61.36,0.52
249,249,ul,61.94,62.05,0.11,0,61.36,0.58
250,250,ación,62.05,62.43,0.38,0,61.36,0.69
251,251,no,62.43,62.56,0.13,0,61.36,1.07
252,252,puede,62.56,62.89,0.33,0,61.36,1.2
253,253,simplemente,62.89,63.59,0.7,0,61.36,1.53
254,254,ale,63.59,63.78,0.19,0,61.36,2.23
255,255,jar,63.78,63.97,0.19,0,61.36,2.42
256,256,se,63.97,64.09,0.12,0,61.36,2.61
257,257,más,64.09,64.35,0.26,0,61.36,2.73
258,258,N,64.62,64.77,0.15,0.27,65.58,-0.96
259,259,ave,64.77,65.16,0.39,0,65.58,-0.81
260,260,gar,65.16,65.57,0.41,0,65.58,-0.42
261,261,cerca,65.57,66.2,0.63,0,65.58,-0.01
262,262,de,66.2,66.56,0.36,0,65.58,0.62
263,263,S,66.56,66.8,0.24,0,65.58,0.98
264,264,illa,66.8,66.92,0.12,0,65.58,1.22
265,265,cu,66.92,67.06,0.14,0,65.58,1.34
266,266,esta,67.06,67.34,0.28,0,65.58,1.48
267,267,6,67.34,67.57,0.23,0,65.58,1.76
268,268,mar,67.57,67.98,0.41,0,65.58,1.99
269,269,iner,67.98,68.09,0.11,0,65.58,2.4
270,270,os,68.09,68.22,0.13,0,68.5,-0.41
271,271,N,68.48,68.5,0.02,0.26,68.5,-0.02
272,272,ave,68.5,68.71,0.21,0,68.5,0
273,273,gar,68.71,68.99,0.28,0,68.5,0.21
274,274,cerca,68.99,69.28,0.29,0,68.5,0.49
275,275,de,69.28,69.42,0.14,0,68.5,0.78
276,276,Carib,69.42,69.78,0.36,0,68.5,0.92
277,277,dis,69.78,70.01,0.23,0,68.5,1.28
278,278,puede,70.01,70.35,0.34,0,68.5,1.51
279,279,destru,70.35,70.78,0.43,0,68.5,1.85
280,280,ir,70.78,70.92,0.14,0,68.5,2.28
281,281,el,70.92,71.06,0.14,0,68.5,2.42
282,282,bar,71.06,71.28,0.22,0,68.5,2.56
283,283,co,71.28,71.42,0.14,0,68.5,2.78
284,284,ent,71.42,71.65,0.23,0,68.5,2.92
285,285,ero,71.65,71.85,0.2,0,72.2,-0.55
286,286,A,72.06,72.27,0.21,0.21,72.2,-0.14
287,287,Od,72.27,72.56,0.29,0,72.2,0.07
288,288,ise,72.56,72.61,0.05,0,72.2,0.36
289,289,o,72.61,72.79,0.18,0,72.2,0.41
290,290,se,72.79,72.87,0.08,0,72.2,0.59
291,291,le,72.87,72.96,0.09,0,72.2,0.67
292,292,dice,72.96,73.22,0.26,0,72.2,0.76
293,293,que,73.22,73.4,0.18,0,72.2,1.02
294,294,el,73.4,73.53,0.13,0,72.2,1.2
295,295,ija,73.53,73.76,0.23,0,72.2,1.33
296,296,S,73.76,73.84,0.08,0,72.2,1.56
297,297,illa,73.84,74.38,0.54,0,72.2,1.64
298,298,porque,74.38,74.49,0.11,0,72.2,2.18
299,299,perder,74.49,74.88,0.39,0,72.2,2.29
300,300,a,74.88,74.91,0.03,0,72.2,2.68
301,301,6,74.91,75.1,0.19,0,72.2,2.71
302,302,personas,75.1,75.61,0.51,0,72.2,2.9
303,303,es,75.61,75.74,0.13,0,72.2,3.41
304,304,mejor,75.74,76.06,0.32,0,72.2,3.54
305,305,que,76.06,76.25,0.19,0,72.2,3.86
306,306,perder,76.25,76.63,0.38,0,72.2,4.05
307,307,lo,76.63,76.75,0.12,0,72.2,4.43
308,308,todo,76.75,77.08,0.33,0,72.2,4.55
309,309,Trad,77.19,77.44,0.25,0.11,77.62,-0.43
310,310,iciones,77.44,77.9,0.46,0,77.62,-0.18
311,311,poster,77.9,78.27,0.37,0,77.62,0.28
312,312,i,78.27,78.33,0.06,0,77.62,0.65
313,313,ores,78.33,78.74,0.41,0,77.62,0.71
314,314,situ,78.95,79.04,0.09,0.21,77.62,1.33
315,315,aron,79.04,79.34,0.3,0,77.62,1.42
316,316,el,79.34,79.48,0.14,0,77.62,1.72
317,317,paso,79.48,79.79,0.31,0,77.62,1.86
318,318,en,79.79,79.94,0.15,0,77.62,2.17
319,319,el,79.94,80.17,0.23,0,77.62,2.32
320,320,estre,80.17,80.47,0.3,0,77.62,2.55
321,321,cho,80.47,80.69,0.22,0,77.62,2.85
322,322,de,80.69,80.84,0.15,0,77.62,3.07
323,323,Mes,80.84,81.07,0.23,0,81.5,-0.66
324,324,ina,81.07,81.34,0.27,0,81.5,-0.43
325,325,entre,81.44,81.82,0.38,0.1,81.5,-0.06
326,326,Sic,81.82,82.05,0.23,0,81.5,0.32
327,327,ilia,82.05,82.35,0.3,0,81.5,0.55
328,328,e,82.35,82.42,0.07,0,81.5,0.85
329,329,Italia,82.42,82.96,0.54,0,81.5,0.92
330,330,pen,82.96,83.18,0.22,0,81.5,1.46
331,331,ins,83.18,83.4,0.22,0,81.5,1.68
332,332,ular,83.4,83.69,0.29,0,84.32,-0.92
333,333,La,83.92,84.15,0.23,0.23,84.32,-0.4
334,334,frase,84.15,84.82,0.67,0,84.32,-0.17
335,335,entre,84.82,85.16,0.34,0,84.32,0.5
336,336,S,85.16,85.22,0.06,0,84.32,0.84
337,337,illa,85.22,85.48,0.26,0,84.32,0.9
338,338,y,85.48,85.55,0.07,0,84.32,1.16
339,339,Carib,85.55,85.88,0.33,0,84.32,1.23
340,340,dis,85.88,86.16,0.28,0,84.32,1.56
341,341,se,86.16,86.32,0.16,0,86.56,-0.4
342,342,conv,86.32,86.49,0.17,0,86.56,-0.24
343,343,irt,86.49,86.74,0.25,0,86.56,-0.07
344,344,ió,86.74,86.89,0.15,0,86.56,0.18
345,345,en,86.89,87.02,0.13,0,86.56,0.33
346,346,una,87.02,87.25,0.23,0,86.56,0.46
347,347,forma,87.25,87.56,0.31,0,86.56,0.69
348,348,de,87.56,87.69,0.13,0,86.56,1
349,349,descri,87.69,88.1,0.41,0,86.56,1.13
350,350,bir,88.1,88.3,0.2,0,86.56,1.54
351,351,el,88.3,88.43,0.13,0,86.56,1.74
352,352,estar,88.43,88.77,0.34,0,86.56,1.87
353,353,at,88.77,88.94,0.17,0,86.56,2.21
354,354,rap,88.94,89.13,0.19,0,86.56,2.38
355,355,ado,89.13,89.3,0.17,0,86.56,2.57
356,356,entre,89.3,89.76,0.46,0,86.56,2.74
357,357,dos,89.76,90.08,0.32,0,86.56,3.2
358,358,op,90.08,90.18,0.1,0,86.56,3.52
359,359,ciones,90.18,90.5,0.32,0,86.56,3.62
360,360,pelig,90.5,90.78,0.28,0,86.56,3.94
361,361,ros,90.78,90.95,0.17,0,86.56,4.22
362,362,as,90.95,91.05,0.1,0,86.56,4.39
,,,,,,,,
,,,,,,,,
,,,,,,,,
,,,,,,,,
"[Log] [inspector] ""Untitled Project"" — 399 raw tokens (36 dropped), 363 kept, 27 silences detected, audioDuration=92.02s (App.tsx, line 2518)",,,,,,,,
"[Log] [inspector] smear — pause-following tokens: 361, median=1.140s, p95=3.970s, negative=61 (16.9%) (App.tsx, line 2529)",,,,,,,,
"[Log] [inspector] malformed-token drop breakdown: – {non-finite: 0, negative-start: 0, inverted-or-zero-duration: 7, …} (App.tsx, line 2530)",,,,,,,,
"{non-finite: 0, negative-start: 0, inverted-or-zero-duration: 7, past-audio-end: 0, empty-text: 29}Object",,,,,,,,
"[Log] [inspector] CSV (copy below): (App.tsx, line 2531)",,,,,,,,
"[Log] index,text,startSec,endSec,durationSec,gapToPrevTokenSec,nearestPrecedingSilenceEndSec,smearSec (App.tsx, line 2532)",,,,,,,,
"0,S,0.120,0.240,0.120,,,",,,,,,,,
"1,illa,0.240,0.640,0.400,0.000,,",,,,,,,,
"2,S,0.840,0.920,0.080,0.200,1.420,-0.580",,,,,,,,
"3,illa,0.920,1.210,0.290,0.000,1.420,-0.500",,,,,,,,
"4,es,1.210,1.420,0.210,0.000,1.420,-0.210",,,,,,,,
"5,un,1.420,1.500,0.080,0.000,1.420,0.000",,,,,,,,
"6,mon,1.500,1.700,0.200,0.000,1.420,0.080",,,,,,,,
"7,stru,1.700,1.990,0.290,0.000,1.420,0.280",,,,,,,,
"8,o,1.990,2.060,0.070,0.000,1.420,0.570",,,,,,,,
"9,que,2.060,2.270,0.210,0.000,1.420,0.640",,,,,,,,
"10,vive,2.270,2.600,0.330,0.000,1.420,0.850",,,,,,,,
"11,dentro,2.600,2.990,0.390,0.000,1.420,1.180",,,,,,,,
"12,de,2.990,3.130,0.140,0.000,1.420,1.570",,,,,,,,
"13,un,3.130,3.340,0.210,0.000,1.420,1.710",,,,,,,,
"14,ac,3.340,3.480,0.140,0.000,1.420,1.920",,,,,,,,
"15,ant,3.480,3.700,0.220,0.000,1.420,2.060",,,,,,,,
"16,il,3.700,3.840,0.140,0.000,1.420,2.280",,,,,,,,
"17,ado,3.840,4.120,0.280,0.000,1.420,2.420",,,,,,,,
"18,junto,4.120,4.430,0.310,0.000,1.420,2.700",,,,,,,,
"19,a,4.430,4.500,0.070,0.000,1.420,3.010",,,,,,,,
"20,un,4.500,4.680,0.180,0.000,1.420,3.080",,,,,,,,
"21,estre,4.680,4.940,0.260,0.000,1.420,3.260",,,,,,,,
"22,cho,4.940,5.090,0.150,0.000,1.420,3.520",,,,,,,,
"23,paso,5.090,5.250,0.160,0.000,1.420,3.670",,,,,,,,
"24,mar,5.250,5.370,0.120,0.000,1.420,3.830",,,,,,,,
"25,ít,5.370,5.490,0.120,0.000,1.420,3.950",,,,,,,,
"26,imo,5.490,5.600,0.110,0.000,1.420,4.070",,,,,,,,
"27,iene,6.320,6.350,0.030,0.720,6.300,0.020",,,,,,,,
"28,6,6.350,6.420,0.070,0.000,6.300,0.050",,,,,,,,
"29,c,6.420,6.560,0.140,0.000,6.300,0.120",,,,,,,,
"30,uell,6.560,6.720,0.160,0.000,6.300,0.260",,,,,,,,
"31,os,6.720,6.860,0.140,0.000,6.300,0.420",,,,,,,,
"32,larg,6.860,7.160,0.300,0.000,6.300,0.560",,,,,,,,
"33,os,7.160,7.320,0.160,0.000,6.300,0.860",,,,,,,,
"34,6,7.550,7.740,0.190,0.230,6.300,1.250",,,,,,,,
"35,cab,7.740,7.910,0.170,0.000,6.300,1.440",,,,,,,,
"36,ez,7.910,8.060,0.150,0.000,6.300,1.610",,,,,,,,
"37,as,8.060,8.240,0.180,0.000,6.300,1.760",,,,,,,,
"38,3,8.370,8.580,0.210,0.130,6.300,2.070",,,,,,,,
"39,h,8.580,8.650,0.070,0.000,6.300,2.280",,,,,,,,
"40,iler,8.650,8.950,0.300,0.000,6.300,2.350",,,,,,,,
"41,as,8.950,9.100,0.150,0.000,6.300,2.650",,,,,,,,
"42,de,9.100,9.250,0.150,0.000,6.300,2.800",,,,,,,,
"43,di,9.250,9.400,0.150,0.000,6.300,2.950",,,,,,,,
"44,entes,9.400,9.780,0.380,0.000,6.300,3.100",,,,,,,,
"45,en,9.780,9.930,0.150,0.000,6.300,3.480",,,,,,,,
"46,cada,9.930,10.230,0.300,0.000,6.300,3.630",,,,,,,,
"47,boca,10.230,10.530,0.300,0.000,6.300,3.930",,,,,,,,
"48,y,10.530,10.630,0.100,0.000,6.300,4.230",,,,,,,,
"49,12,10.630,11.130,0.500,0.000,10.920,-0.290",,,,,,,,
"50,pat,11.130,11.270,0.140,0.000,10.920,0.210",,,,,,,,
"51,as,11.270,11.420,0.150,0.000,10.920,0.350",,,,,,,,
"52,deb,11.420,11.640,0.220,0.000,10.920,0.500",,,,,,,,
"53,ajo,11.640,11.880,0.240,0.000,10.920,0.720",,,,,,,,
"54,de,11.880,12.300,0.420,0.000,10.920,0.960",,,,,,,,
"55,cuerpo,12.300,12.700,0.400,0.000,13.120,-0.820",,,,,,,,
"56,Su,12.890,13.010,0.120,0.190,13.120,-0.230",,,,,,,,
"57,ataque,13.010,13.410,0.400,0.000,13.120,-0.110",,,,,,,,
"58,es,13.410,13.720,0.310,0.000,13.120,0.290",,,,,,,,
"59,sencill,13.720,14.010,0.290,0.000,13.120,0.600",,,,,,,,
"60,o,14.010,14.070,0.060,0.000,13.120,0.890",,,,,,,,
"61,Cuando,14.260,14.660,0.400,0.190,14.920,-0.660",,,,,,,,
"62,un,14.660,14.790,0.130,0.000,14.920,-0.260",,,,,,,,
"63,bar,14.790,14.990,0.200,0.000,14.920,-0.130",,,,,,,,
"64,co,14.990,15.120,0.130,0.000,14.920,0.070",,,,,,,,
"65,pasa,15.120,15.380,0.260,0.000,14.920,0.200",,,,,,,,
"66,lo,15.380,15.510,0.130,0.000,14.920,0.460",,,,,,,,
"67,su,15.510,15.640,0.130,0.000,14.920,0.590",,,,,,,,
"68,fic,15.640,15.830,0.190,0.000,14.920,0.720",,,,,,,,
"69,ient,15.830,16.090,0.260,0.000,14.920,0.910",,,,,,,,
"70,emente,16.090,16.480,0.390,0.000,14.920,1.170",,,,,,,,
"71,cerca,16.480,16.810,0.330,0.000,14.920,1.560",,,,,,,,
"72,las,17.110,17.310,0.200,0.300,17.420,-0.310",,,,,,,,
"73,6,17.310,17.580,0.270,0.000,17.420,-0.110",,,,,,,,
"74,cab,17.580,17.870,0.290,0.000,17.420,0.160",,,,,,,,
"75,ez,17.870,18.030,0.160,0.000,17.420,0.450",,,,,,,,
"76,as,18.030,18.270,0.240,0.000,17.420,0.610",,,,,,,,
"77,se,18.270,18.460,0.190,0.000,17.420,0.850",,,,,,,,
"78,mue,18.460,18.700,0.240,0.000,17.420,1.040",,,,,,,,
"79,ven,18.700,18.880,0.180,0.000,17.420,1.280",,,,,,,,
"80,al,18.880,19.010,0.130,0.000,17.420,1.460",,,,,,,,
"81,mismo,19.010,19.370,0.360,0.000,17.420,1.590",,,,,,,,
"82,tiempo,19.370,19.880,0.510,0.000,20.160,-0.790",,,,,,,,
"83,Cada,20.020,20.380,0.360,0.140,20.160,-0.140",,,,,,,,
"84,cabeza,20.380,20.730,0.350,0.000,20.160,0.220",,,,,,,,
"85,at,20.730,20.890,0.160,0.000,20.160,0.570",,,,,,,,
"86,rap,20.890,21.080,0.190,0.000,20.160,0.730",,,,,,,,
"87,a,21.080,21.150,0.070,0.000,20.160,0.920",,,,,,,,
"88,a,21.150,21.220,0.070,0.000,20.160,0.990",,,,,,,,
"89,un,21.220,21.360,0.140,0.000,20.160,1.060",,,,,,,,
"90,marin,21.360,21.720,0.360,0.000,20.160,1.200",,,,,,,,
"91,ero,21.720,21.930,0.210,0.000,20.160,1.560",,,,,,,,
"92,de,21.930,22.070,0.140,0.000,20.160,1.770",,,,,,,,
"93,la,22.070,22.210,0.140,0.000,20.160,1.910",,,,,,,,
"94,cub,22.210,22.580,0.370,0.000,20.160,2.050",,,,,,,,
"95,ier,22.580,22.630,0.050,0.000,20.160,2.420",,,,,,,,
"96,ta,22.630,22.770,0.140,0.000,23.280,-0.650",,,,,,,,
"97,6,22.980,23.270,0.290,0.210,23.280,-0.300",,,,,,,,
"98,cab,23.270,23.400,0.130,0.000,23.280,-0.010",,,,,,,,
"99,ez,23.400,23.550,0.150,0.000,23.280,0.120",,,,,,,,
"100,as,23.550,23.670,0.120,0.000,23.280,0.270",,,,,,,,
"101,signific,23.670,24.200,0.530,0.000,23.280,0.390",,,,,,,,
"102,an,24.200,24.770,0.570,0.000,23.280,0.920",,,,,,,,
"103,6,24.770,24.840,0.070,0.000,23.280,1.490",,,,,,,,
"104,mar,25.030,25.080,0.050,0.190,23.280,1.750",,,,,,,,
"105,iner,25.080,25.350,0.270,0.000,23.280,1.800",,,,,,,,
"106,os,25.350,25.480,0.130,0.000,23.280,2.070",,,,,,,,
"107,que,25.480,26.260,0.780,0.000,23.280,2.200",,,,,,,,
"108,desapare,26.260,26.340,0.080,0.000,23.280,2.980",,,,,,,,
"109,cen,26.340,26.500,0.160,0.000,23.280,3.060",,,,,,,,
"110,en,26.500,26.640,0.140,0.000,23.280,3.220",,,,,,,,
"111,un,26.640,26.780,0.140,0.000,23.280,3.360",,,,,,,,
"112,solo,26.780,27.070,0.290,0.000,23.280,3.500",,,,,,,,
"113,ataque,27.070,27.510,0.440,0.000,27.960,-0.890",,,,,,,,
"114,El,27.720,27.860,0.140,0.210,27.960,-0.240",,,,,,,,
"115,det,27.860,28.080,0.220,0.000,27.960,-0.100",,,,,,,,
"116,alle,28.080,28.370,0.290,0.000,27.960,0.120",,,,,,,,
"117,importante,28.370,29.100,0.730,0.000,27.960,0.410",,,,,,,,
"118,es,29.100,29.240,0.140,0.000,27.960,1.140",,,,,,,,
"119,que,29.240,29.460,0.220,0.000,27.960,1.280",,,,,,,,
"120,S,29.460,29.530,0.070,0.000,27.960,1.500",,,,,,,,
"121,illa,29.530,29.820,0.290,0.000,27.960,1.570",,,,,,,,
"122,no,29.820,29.960,0.140,0.000,27.960,1.860",,,,,,,,
"123,pers,29.960,30.250,0.290,0.000,27.960,2.000",,,,,,,,
"124,igue,30.250,30.630,0.380,0.000,27.960,2.290",,,,,,,,
"125,a,30.630,30.770,0.140,0.000,27.960,2.670",,,,,,,,
"126,los,30.770,30.880,0.110,0.000,27.960,2.810",,,,,,,,
"127,bar,30.880,31.120,0.240,0.000,27.960,2.920",,,,,,,,
"128,cos,31.120,31.260,0.140,0.000,27.960,3.160",,,,,,,,
"129,en,31.260,31.380,0.120,0.000,27.960,3.300",,,,,,,,
"130,mar,31.380,31.550,0.170,0.000,27.960,3.420",,,,,,,,
"131,ab,31.550,31.680,0.130,0.000,27.960,3.590",,,,,,,,
"132,ierto,31.680,32.000,0.320,0.000,27.960,3.720",,,,,,,,
"133,Se,32.300,32.380,0.080,0.300,32.340,-0.040",,,,,,,,
"134,mant,32.380,32.560,0.180,0.000,32.340,0.040",,,,,,,,
"135,iene,32.560,32.810,0.250,0.000,32.340,0.220",,,,,,,,
"136,cerca,32.810,33.120,0.310,0.000,32.340,0.470",,,,,,,,
"137,del,33.120,33.300,0.180,0.000,32.340,0.780",,,,,,,,
"138,ac,33.300,33.480,0.180,0.000,32.340,0.960",,,,,,,,
"139,ant,33.480,33.620,0.140,0.000,32.340,1.140",,,,,,,,
"140,il,33.620,33.740,0.120,0.000,32.340,1.280",,,,,,,,
"141,ado,33.740,33.940,0.200,0.000,32.340,1.400",,,,,,,,
"142,Eso,34.120,34.330,0.210,0.180,34.460,-0.340",,,,,,,,
"143,significa,34.330,35.000,0.670,0.000,34.460,-0.130",,,,,,,,
"144,que,35.000,35.070,0.070,0.000,34.460,0.540",,,,,,,,
"145,la,35.070,35.190,0.120,0.000,34.460,0.610",,,,,,,,
"146,estr,35.190,35.440,0.250,0.000,34.460,0.730",,,,,,,,
"147,ateg,35.440,35.690,0.250,0.000,34.460,0.980",,,,,,,,
"148,ia,35.690,35.970,0.280,0.000,34.460,1.230",,,,,,,,
"149,más,35.970,36.100,0.130,0.000,34.460,1.510",,,,,,,,
"150,seg,36.100,36.340,0.240,0.000,34.460,1.640",,,,,,,,
"151,ura,36.340,36.460,0.120,0.000,34.460,1.880",,,,,,,,
"152,no,36.460,36.580,0.120,0.000,34.460,2.000",,,,,,,,
"153,es,36.580,36.700,0.120,0.000,34.460,2.120",,,,,,,,
"154,l,36.700,36.760,0.060,0.000,34.460,2.240",,,,,,,,
"155,uchar,36.760,37.060,0.300,0.000,34.460,2.300",,,,,,,,
"156,contra,37.060,37.520,0.460,0.000,34.460,2.600",,,,,,,,
"157,ella,37.520,37.690,0.170,0.000,34.460,3.060",,,,,,,,
"158,sino,37.810,38.060,0.250,0.120,34.460,3.350",,,,,,,,
"159,seguir,38.060,38.430,0.370,0.000,34.460,3.600",,,,,,,,
"160,mov,38.430,38.610,0.180,0.000,34.460,3.970",,,,,,,,
"161,i,38.610,38.700,0.090,0.000,34.460,4.150",,,,,,,,
"162,énd,38.700,38.910,0.210,0.000,34.460,4.240",,,,,,,,
"163,ose,38.910,39.090,0.180,0.000,34.460,4.450",,,,,,,,
"164,antes,39.090,39.400,0.310,0.000,34.460,4.630",,,,,,,,
"165,de,39.400,39.550,0.150,0.000,34.460,4.940",,,,,,,,
"166,que,39.550,39.700,0.150,0.000,34.460,5.090",,,,,,,,
"167,pueda,39.700,40.010,0.310,0.000,34.460,5.240",,,,,,,,
"168,atac,40.010,40.260,0.250,0.000,34.460,5.550",,,,,,,,
"169,ar,40.260,40.410,0.150,0.000,34.460,5.800",,,,,,,,
"170,de,40.410,40.500,0.090,0.000,34.460,5.950",,,,,,,,
"171,nuevo,40.500,40.810,0.310,0.000,34.460,6.040",,,,,,,,
"172,es,41.740,41.980,0.240,0.930,41.740,0.000",,,,,,,,
"173,advert,41.980,42.140,0.160,0.000,41.740,0.240",,,,,,,,
"174,ido,42.140,42.360,0.220,0.000,41.740,0.400",,,,,,,,
"175,sobre,42.360,42.730,0.370,0.000,41.740,0.620",,,,,,,,
"176,esto,42.730,43.170,0.440,0.000,41.740,0.990",,,,,,,,
"177,antes,43.170,43.420,0.250,0.000,41.740,1.430",,,,,,,,
"178,de,43.420,43.660,0.240,0.000,41.740,1.680",,,,,,,,
"179,llegar,43.660,44.020,0.360,0.000,41.740,1.920",,,,,,,,
"180,al,44.020,44.160,0.140,0.000,41.740,2.280",,,,,,,,
"181,p,44.160,44.240,0.080,0.000,41.740,2.420",,,,,,,,
"182,so,44.240,44.390,0.150,0.000,41.740,2.500",,,,,,,,
"183,e,44.390,44.460,0.070,0.000,41.740,2.650",,,,,,,,
"184,A,44.680,44.750,0.070,0.220,45.280,-0.600",,,,,,,,
"185,ún,44.750,44.970,0.220,0.000,45.280,-0.530",,,,,,,,
"186,así,44.970,45.270,0.300,0.000,45.280,-0.310",,,,,,,,
"187,prepar,45.420,45.870,0.450,0.150,45.280,0.140",,,,,,,,
"188,a,45.870,45.940,0.070,0.000,45.280,0.590",,,,,,,,
"189,sus,45.940,46.160,0.220,0.000,45.280,0.660",,,,,,,,
"190,armas,46.160,46.550,0.390,0.000,45.280,0.880",,,,,,,,
"191,pero,46.830,47.150,0.320,0.280,47.220,-0.390",,,,,,,,
"192,result,47.150,47.680,0.530,0.000,47.220,-0.070",,,,,,,,
"193,an,47.680,47.860,0.180,0.000,47.220,0.460",,,,,,,,
"194,in,47.860,48.100,0.240,0.000,47.220,0.640",,,,,,,,
"195,út,48.100,48.210,0.110,0.000,47.220,0.880",,,,,,,,
"196,iles,48.210,48.480,0.270,0.000,47.220,0.990",,,,,,,,
"197,S,48.700,48.770,0.070,0.220,48.860,-0.160",,,,,,,,
"198,illa,48.770,49.050,0.280,0.000,48.860,-0.090",,,,,,,,
"199,se,49.050,49.290,0.240,0.000,48.860,0.190",,,,,,,,
"200,lleva,49.290,49.540,0.250,0.000,48.860,0.430",,,,,,,,
"201,a,49.540,49.610,0.070,0.000,48.860,0.680",,,,,,,,
"202,6,49.610,49.820,0.210,0.000,48.860,0.750",,,,,,,,
"203,de,49.820,49.960,0.140,0.000,48.860,0.960",,,,,,,,
"204,sus,49.960,50.170,0.210,0.000,48.860,1.100",,,,,,,,
"205,hombres,50.170,50.670,0.500,0.000,48.860,1.310",,,,,,,,
"206,mientras,50.670,51.240,0.570,0.000,48.860,1.810",,,,,,,,
"207,el,51.240,51.380,0.140,0.000,48.860,2.380",,,,,,,,
"208,bar,51.380,51.590,0.210,0.000,48.860,2.520",,,,,,,,
"209,co,51.590,51.730,0.140,0.000,48.860,2.730",,,,,,,,
"210,contin,51.730,52.170,0.440,0.000,48.860,2.870",,,,,,,,
"211,úa,52.170,52.370,0.200,0.000,48.860,3.310",,,,,,,,
"212,su,52.370,52.510,0.140,0.000,48.860,3.510",,,,,,,,
"213,march,52.510,52.860,0.350,0.000,53.360,-0.850",,,,,,,,
"214,a,52.860,52.950,0.090,0.000,53.360,-0.500",,,,,,,,
"215,Det,53.140,53.350,0.210,0.190,53.360,-0.220",,,,,,,,
"216,ener,53.350,53.620,0.270,0.000,53.360,-0.010",,,,,,,,
"217,se,53.620,54.090,0.470,0.000,53.360,0.260",,,,,,,,
"218,solo,54.090,54.170,0.080,0.000,53.360,0.730",,,,,,,,
"219,le,54.170,54.280,0.110,0.000,53.360,0.810",,,,,,,,
"220,dar,54.470,54.520,0.050,0.190,53.360,1.110",,,,,,,,
"221,ía,54.520,54.680,0.160,0.000,53.360,1.160",,,,,,,,
"222,otra,54.680,54.940,0.260,0.000,53.360,1.320",,,,,,,,
"223,oportunidad,54.940,55.780,0.840,0.000,56.120,-1.180",,,,,,,,
"224,S,55.910,55.980,0.070,0.130,56.120,-0.210",,,,,,,,
"225,illa,55.980,56.250,0.270,0.000,56.120,-0.140",,,,,,,,
"226,también,56.250,56.800,0.550,0.000,56.120,0.130",,,,,,,,
"227,comp,56.800,57.070,0.270,0.000,56.120,0.680",,,,,,,,
"228,arte,57.070,57.340,0.270,0.000,56.120,0.950",,,,,,,,
"229,el,57.340,57.480,0.140,0.000,56.120,1.220",,,,,,,,
"230,paso,57.480,57.750,0.270,0.000,56.120,1.360",,,,,,,,
"231,con,57.750,57.950,0.200,0.000,56.120,1.630",,,,,,,,
"232,Carib,57.950,58.400,0.450,0.000,56.120,1.830",,,,,,,,
"233,dis,58.400,58.490,0.090,0.000,56.120,2.280",,,,,,,,
"234,un,58.620,58.760,0.140,0.130,58.900,-0.280",,,,,,,,
"235,rem,58.760,58.960,0.200,0.000,58.900,-0.140",,,,,,,,
"236,ol,58.960,59.090,0.130,0.000,58.900,0.060",,,,,,,,
"237,ino,59.090,59.290,0.200,0.000,58.900,0.190",,,,,,,,
"238,gig,59.290,59.490,0.200,0.000,58.900,0.390",,,,,,,,
"239,ante,59.490,59.930,0.440,0.000,58.900,0.590",,,,,,,,
"240,en,59.930,60.280,0.350,0.000,58.900,1.030",,,,,,,,
"241,lado,60.280,60.460,0.180,0.000,58.900,1.380",,,,,,,,
"242,op,60.460,60.700,0.240,0.000,58.900,1.560",,,,,,,,
"243,uesto,60.700,60.910,0.210,0.000,58.900,1.800",,,,,,,,
"244,por,61.030,61.250,0.220,0.120,61.360,-0.330",,,,,,,,
"245,lo,61.250,61.350,0.100,0.000,61.360,-0.110",,,,,,,,
"246,que,61.350,61.540,0.190,0.000,61.360,-0.010",,,,,,,,
"247,la,61.540,61.880,0.340,0.000,61.360,0.180",,,,,,,,
"248,trip,61.880,61.940,0.060,0.000,61.360,0.520",,,,,,,,
"249,ul,61.940,62.050,0.110,0.000,61.360,0.580",,,,,,,,
"250,ación,62.050,62.430,0.380,0.000,61.360,0.690",,,,,,,,
"251,no,62.430,62.560,0.130,0.000,61.360,1.070",,,,,,,,
"252,puede,62.560,62.890,0.330,0.000,61.360,1.200",,,,,,,,
"253,simplemente,62.890,63.590,0.700,0.000,61.360,1.530",,,,,,,,
"254,ale,63.590,63.780,0.190,0.000,61.360,2.230",,,,,,,,
"255,jar,63.780,63.970,0.190,0.000,61.360,2.420",,,,,,,,
"256,se,63.970,64.090,0.120,0.000,61.360,2.610",,,,,,,,
"257,más,64.090,64.350,0.260,0.000,61.360,2.730",,,,,,,,
"258,N,64.620,64.770,0.150,0.270,65.580,-0.960",,,,,,,,
"259,ave,64.770,65.160,0.390,0.000,65.580,-0.810",,,,,,,,
"260,gar,65.160,65.570,0.410,0.000,65.580,-0.420",,,,,,,,
"261,cerca,65.570,66.200,0.630,0.000,65.580,-0.010",,,,,,,,
"262,de,66.200,66.560,0.360,0.000,65.580,0.620",,,,,,,,
"263,S,66.560,66.800,0.240,0.000,65.580,0.980",,,,,,,,
"264,illa,66.800,66.920,0.120,0.000,65.580,1.220",,,,,,,,
"265,cu,66.920,67.060,0.140,0.000,65.580,1.340",,,,,,,,
"266,esta,67.060,67.340,0.280,0.000,65.580,1.480",,,,,,,,
"267,6,67.340,67.570,0.230,0.000,65.580,1.760",,,,,,,,
"268,mar,67.570,67.980,0.410,0.000,65.580,1.990",,,,,,,,
"269,iner,67.980,68.090,0.110,0.000,65.580,2.400",,,,,,,,
"270,os,68.090,68.220,0.130,0.000,68.500,-0.410",,,,,,,,
"271,N,68.480,68.500,0.020,0.260,68.500,-0.020",,,,,,,,
"272,ave,68.500,68.710,0.210,0.000,68.500,0.000",,,,,,,,
"273,gar,68.710,68.990,0.280,0.000,68.500,0.210",,,,,,,,
"274,cerca,68.990,69.280,0.290,0.000,68.500,0.490",,,,,,,,
"275,de,69.280,69.420,0.140,0.000,68.500,0.780",,,,,,,,
"276,Carib,69.420,69.780,0.360,0.000,68.500,0.920",,,,,,,,
"277,dis,69.780,70.010,0.230,0.000,68.500,1.280",,,,,,,,
"278,puede,70.010,70.350,0.340,0.000,68.500,1.510",,,,,,,,
"279,destru,70.350,70.780,0.430,0.000,68.500,1.850",,,,,,,,
"280,ir,70.780,70.920,0.140,0.000,68.500,2.280",,,,,,,,
"281,el,70.920,71.060,0.140,0.000,68.500,2.420",,,,,,,,
"282,bar,71.060,71.280,0.220,0.000,68.500,2.560",,,,,,,,
"283,co,71.280,71.420,0.140,0.000,68.500,2.780",,,,,,,,
"284,ent,71.420,71.650,0.230,0.000,68.500,2.920",,,,,,,,
"285,ero,71.650,71.850,0.200,0.000,72.200,-0.550",,,,,,,,
"286,A,72.060,72.270,0.210,0.210,72.200,-0.140",,,,,,,,
"287,Od,72.270,72.560,0.290,0.000,72.200,0.070",,,,,,,,
"288,ise,72.560,72.610,0.050,0.000,72.200,0.360",,,,,,,,
"289,o,72.610,72.790,0.180,0.000,72.200,0.410",,,,,,,,
"290,se,72.790,72.870,0.080,0.000,72.200,0.590",,,,,,,,
"291,le,72.870,72.960,0.090,0.000,72.200,0.670",,,,,,,,
"292,dice,72.960,73.220,0.260,0.000,72.200,0.760",,,,,,,,
"293,que,73.220,73.400,0.180,0.000,72.200,1.020",,,,,,,,
"294,el,73.400,73.530,0.130,0.000,72.200,1.200",,,,,,,,
"295,ija,73.530,73.760,0.230,0.000,72.200,1.330",,,,,,,,
"296,S,73.760,73.840,0.080,0.000,72.200,1.560",,,,,,,,
"297,illa,73.840,74.380,0.540,0.000,72.200,1.640",,,,,,,,
"298,porque,74.380,74.490,0.110,0.000,72.200,2.180",,,,,,,,
"299,perder,74.490,74.880,0.390,0.000,72.200,2.290",,,,,,,,
"300,a,74.880,74.910,0.030,0.000,72.200,2.680",,,,,,,,
"301,6,74.910,75.100,0.190,0.000,72.200,2.710",,,,,,,,
"302,personas,75.100,75.610,0.510,0.000,72.200,2.900",,,,,,,,
"303,es,75.610,75.740,0.130,0.000,72.200,3.410",,,,,,,,
"304,mejor,75.740,76.060,0.320,0.000,72.200,3.540",,,,,,,,
"305,que,76.060,76.250,0.190,0.000,72.200,3.860",,,,,,,,
"306,perder,76.250,76.630,0.380,0.000,72.200,4.050",,,,,,,,
"307,lo,76.630,76.750,0.120,0.000,72.200,4.430",,,,,,,,
"308,todo,76.750,77.080,0.330,0.000,72.200,4.550",,,,,,,,
"309,Trad,77.190,77.440,0.250,0.110,77.620,-0.430",,,,,,,,
"310,iciones,77.440,77.900,0.460,0.000,77.620,-0.180",,,,,,,,
"311,poster,77.900,78.270,0.370,0.000,77.620,0.280",,,,,,,,
"312,i,78.270,78.330,0.060,0.000,77.620,0.650",,,,,,,,
"313,ores,78.330,78.740,0.410,0.000,77.620,0.710",,,,,,,,
"314,situ,78.950,79.040,0.090,0.210,77.620,1.330",,,,,,,,
"315,aron,79.040,79.340,0.300,0.000,77.620,1.420",,,,,,,,
"316,el,79.340,79.480,0.140,0.000,77.620,1.720",,,,,,,,
"317,paso,79.480,79.790,0.310,0.000,77.620,1.860",,,,,,,,
"318,en,79.790,79.940,0.150,0.000,77.620,2.170",,,,,,,,
"319,el,79.940,80.170,0.230,0.000,77.620,2.320",,,,,,,,
"320,estre,80.170,80.470,0.300,0.000,77.620,2.550",,,,,,,,
"321,cho,80.470,80.690,0.220,0.000,77.620,2.850",,,,,,,,
"322,de,80.690,80.840,0.150,0.000,77.620,3.070",,,,,,,,
"323,Mes,80.840,81.070,0.230,0.000,81.500,-0.660",,,,,,,,
"324,ina,81.070,81.340,0.270,0.000,81.500,-0.430",,,,,,,,
"325,entre,81.440,81.820,0.380,0.100,81.500,-0.060",,,,,,,,
"326,Sic,81.820,82.050,0.230,0.000,81.500,0.320",,,,,,,,
"327,ilia,82.050,82.350,0.300,0.000,81.500,0.550",,,,,,,,
"328,e,82.350,82.420,0.070,0.000,81.500,0.850",,,,,,,,
"329,Italia,82.420,82.960,0.540,0.000,81.500,0.920",,,,,,,,
"330,pen,82.960,83.180,0.220,0.000,81.500,1.460",,,,,,,,
"331,ins,83.180,83.400,0.220,0.000,81.500,1.680",,,,,,,,
"332,ular,83.400,83.690,0.290,0.000,84.320,-0.920",,,,,,,,
"333,La,83.920,84.150,0.230,0.230,84.320,-0.400",,,,,,,,
"334,frase,84.150,84.820,0.670,0.000,84.320,-0.170",,,,,,,,
"335,entre,84.820,85.160,0.340,0.000,84.320,0.500",,,,,,,,
"336,S,85.160,85.220,0.060,0.000,84.320,0.840",,,,,,,,
"337,illa,85.220,85.480,0.260,0.000,84.320,0.900",,,,,,,,
"338,y,85.480,85.550,0.070,0.000,84.320,1.160",,,,,,,,
"339,Carib,85.550,85.880,0.330,0.000,84.320,1.230",,,,,,,,
"340,dis,85.880,86.160,0.280,0.000,84.320,1.560",,,,,,,,
"341,se,86.160,86.320,0.160,0.000,86.560,-0.400",,,,,,,,
"342,conv,86.320,86.490,0.170,0.000,86.560,-0.240",,,,,,,,
"343,irt,86.490,86.740,0.250,0.000,86.560,-0.070",,,,,,,,
"344,ió,86.740,86.890,0.150,0.000,86.560,0.180",,,,,,,,
"345,en,86.890,87.020,0.130,0.000,86.560,0.330",,,,,,,,
"346,una,87.020,87.250,0.230,0.000,86.560,0.460",,,,,,,,
"347,forma,87.250,87.560,0.310,0.000,86.560,0.690",,,,,,,,
"348,de,87.560,87.690,0.130,0.000,86.560,1.000",,,,,,,,
"349,descri,87.690,88.100,0.410,0.000,86.560,1.130",,,,,,,,
"350,bir,88.100,88.300,0.200,0.000,86.560,1.540",,,,,,,,
"351,el,88.300,88.430,0.130,0.000,86.560,1.740",,,,,,,,
"352,estar,88.430,88.770,0.340,0.000,86.560,1.870",,,,,,,,
"353,at,88.770,88.940,0.170,0.000,86.560,2.210",,,,,,,,
"354,rap,88.940,89.130,0.190,0.000,86.560,2.380",,,,,,,,
"355,ado,89.130,89.300,0.170,0.000,86.560,2.570",,,,,,,,
"356,entre,89.300,89.760,0.460,0.000,86.560,2.740",,,,,,,,
"357,dos,89.760,90.080,0.320,0.000,86.560,3.200",,,,,,,,
"358,op,90.080,90.180,0.100,0.000,86.560,3.520",,,,,,,,
"359,ciones,90.180,90.500,0.320,0.000,86.560,3.620",,,,,,,,
"360,pelig,90.500,90.780,0.280,0.000,86.560,3.940",,,,,,,,
"361,ros,90.780,90.950,0.170,0.000,86.560,4.220",,,,,,,,
"362,as,90.950,91.050,0.100,0.000,86.560,4.390",,,,,,,,